playerId,season,name,team,position,situation,games_played,icetime,xGoals,goals,unblocked_shot_attempts,xRebounds,rebounds,xFreeze,freeze,xOnGoal,ongoal,xPlayStopped,playStopped,xPlayContinuedInZone,playContinuedInZone,xPlayContinuedOutsideZone,playContinuedOutsideZone,flurryAdjustedxGoals,lowDangerShots,mediumDangerShots,highDangerShots,lowDangerxGoals,mediumDangerxGoals,highDangerxGoals,lowDangerGoals,mediumDangerGoals,highDangerGoals,blocked_shot_attempts,penalityMinutes,penalties
8478048,2022,Igor Shesterkin,NYR,G,other,37,3334.0,10.31,10.0,99.0,4.41,6.0,10.97,11.0,58.62,58.0,1.07,1.0,30.19,26.0,19.04,24.0,9.05,29.0,33.0,15.0,0.92,4.05,5.34,0.0,5.0,5.0,22.0,0.0,0.0
8478048,2022,Igor Shesterkin,NYR,G,all,37,134130.0,107.75,92.0,2019.0,75.07,87.0,253.75,150.0,1100.48,1106.0,38.07,26.0,588.58,554.0,437.61,597.0,102.32,1064.0,332.0,104.0,30.74,40.91,36.09,34.0,31.0,27.0,519.0,0.0,0.0
8478048,2022,Igor Shesterkin,NYR,G,5on5,37,110526.0,74.95,63.0,1635.0,57.66,67.0,212.53,119.0,879.42,882.0,28.67,17.0,468.7,447.0,356.14,487.0,72.41,875.0,262.0,63.0,26.11,32.12,16.72,33.0,19.0,11.0,435.0,0.0,0.0
8478048,2022,Igor Shesterkin,NYR,G,4on5,37,8980.0,19.87,17.0,233.0,11.52,12.0,24.74,16.0,130.31,131.0,1.01,0.0,77.91,74.0,40.89,57.0,18.31,125.0,30.0,24.0,2.75,3.85,13.28,1.0,5.0,11.0,54.0,0.0,0.0
8478048,2022,Igor Shesterkin,NYR,G,5on4,37,11290.0,1.89,1.0,37.0,0.99,2.0,3.78,1.0,23.68,25.0,6.9,6.0,7.6,3.0,16.97,25.0,1.84,25.0,5.0,2.0,0.53,0.61,0.75,0.0,1.0,0.0,5.0,0.0,0.0
8478872,2022,Karel Vejmelka,ARI,G,other,36,3443.0,10.9,6.0,114.0,5.32,9.0,11.18,11.0,63.72,63.0,0.87,2.0,37.05,31.0,20.46,29.0,9.71,43.0,32.0,12.0,1.99,4.15,4.76,1.0,3.0,2.0,27.0,0.0,0.0
8478872,2022,Karel Vejmelka,ARI,G,all,36,128766.0,129.82,113.0,2265.0,91.18,114.0,283.44,296.0,1243.63,1224.0,28.91,23.0,695.53,601.0,482.63,562.0,121.44,1196.0,403.0,125.0,37.04,50.66,42.13,32.0,48.0,33.0,541.0,2.0,1.0
8478872,2022,Karel Vejmelka,ARI,G,5on5,36,101144.0,82.6,72.0,1694.0,63.29,79.0,219.23,240.0,915.88,911.0,22.77,18.0,507.93,429.0,369.61,421.0,79.67,915.0,289.0,69.0,27.77,36.55,18.27,25.0,30.0,17.0,421.0,2.0,1.0
8478872,2022,Karel Vejmelka,ARI,G,4on5,36,12809.0,33.26,33.0,410.0,20.84,26.0,48.77,40.0,236.23,218.0,0.7,0.0,140.78,132.0,74.28,91.0,29.04,212.0,74.0,40.0,6.38,8.9,17.98,6.0,14.0,13.0,84.0,0.0,0.0
8478872,2022,Karel Vejmelka,ARI,G,5on4,36,11370.0,2.7,1.0,39.0,1.47,0.0,3.4,3.0,23.42,27.0,4.48,3.0,7.72,8.0,15.94,19.0,2.66,21.0,7.0,4.0,0.64,0.95,1.12,0.0,0.0,1.0,7.0,0.0,0.0
8479979,2022,Jake Oettinger,DAL,G,other,40,3533.0,7.8,6.0,104.0,4.69,7.0,11.57,7.0,56.23,47.0,1.32,0.0,34.22,28.0,17.78,30.0,7.27,48.0,21.0,9.0,1.74,2.57,3.49,1.0,4.0,1.0,26.0,0.0,0.0
8479979,2022,Jake Oettinger,DAL,G,all,40,139749.0,104.47,86.0,2218.0,81.51,93.0,276.12,214.0,1188.61,1155.0,41.65,35.0,666.26,589.0,483.4,649.0,101.33,1241.0,314.0,96.0,34.02,38.58,31.87,30.0,32.0,24.0,567.0,2.0,1.0
8479979,2022,Jake Oettinger,DAL,G,5on5,40,112783.0,74.81,57.0,1739.0,59.38,68.0,223.83,180.0,925.68,896.0,32.18,30.0,512.6,452.0,383.99,514.0,72.75,984.0,234.0,67.0,27.6,28.84,18.36,25.0,20.0,12.0,454.0,2.0,1.0
8479979,2022,Jake Oettinger,DAL,G,4on5,40,13012.0,17.7,17.0,313.0,15.36,17.0,34.49,24.0,167.33,164.0,1.1,1.0,106.11,100.0,56.75,73.0,17.21,178.0,41.0,17.0,3.64,5.02,9.03,1.0,5.0,11.0,77.0,0.0,0.0
8479979,2022,Jake Oettinger,DAL,G,5on4,40,10421.0,2.76,3.0,44.0,1.38,0.0,3.97,2.0,28.33,35.0,6.78,4.0,8.97,6.0,20.03,26.0,2.74,24.0,12.0,2.0,0.69,1.46,0.61,1.0,2.0,0.0,6.0,0.0,0.0
8477968,2022,Alex Nedeljkovic,DET,G,other,9,841.0,1.33,1.0,22.0,0.77,0.0,2.74,4.0,12.59,13.0,0.25,0.0,6.32,4.0,5.43,8.0,1.15,9.0,7.0,1.0,0.36,0.75,0.21,0.0,1.0,0.0,5.0,0.0,0.0
8477968,2022,Alex Nedeljkovic,DET,G,all,9,30817.0,23.93,35.0,523.0,19.06,25.0,66.51,75.0,282.33,292.0,7.56,2.0,156.92,135.0,116.12,115.0,22.78,304.0,70.0,18.0,9.47,8.24,6.23,19.0,10.0,6.0,131.0,2.0,1.0
8477968,2022,Alex Nedeljkovic,DET,G,5on5,9,25122.0,18.65,24.0,430.0,15.21,24.0,55.8,63.0,229.28,236.0,5.45,2.0,127.98,109.0,93.56,92.0,17.79,250.0,55.0,14.0,7.47,6.52,4.65,12.0,8.0,4.0,111.0,2.0,1.0
8477968,2022,Alex Nedeljkovic,DET,G,4on5,9,1657.0,3.15,7.0,56.0,2.62,1.0,6.42,6.0,30.48,30.0,0.12,0.0,19.54,21.0,10.3,8.0,3.04,34.0,7.0,2.0,1.22,0.86,1.07,4.0,1.0,2.0,13.0,0.0,0.0
8477968,2022,Alex Nedeljkovic,DET,G,5on4,9,3197.0,0.81,3.0,15.0,0.46,0.0,1.55,2.0,9.98,13.0,1.68,0.0,3.08,1.0,6.83,7.0,0.8,11.0,1.0,1.0,0.41,0.1,0.3,3.0,0.0,0.0,2.0,0.0,0.0
8477967,2022,Thatcher Demko,VAN,G,other,15,787.0,1.73,3.0,27.0,1.18,1.0,2.95,2.0,15.95,15.0,0.2,0.0,9.14,10.0,6.45,6.0,1.63,12.0,9.0,1.0,0.42,1.11,0.2,0.0,3.0,0.0,5.0,0.0,0.0
8477967,2022,Thatcher Demko,VAN,G,all,15,51277.0,44.81,56.0,828.0,32.63,39.0,106.5,97.0,462.73,478.0,12.71,13.0,252.41,211.0,189.15,218.0,42.99,456.0,137.0,48.0,13.76,16.84,14.22,15.0,27.0,14.0,187.0,4.0,2.0
8477967,2022,Thatcher Demko,VAN,G,5on5,15,42555.0,35.22,36.0,688.0,26.34,36.0,91.6,86.0,384.78,395.0,10.29,10.0,209.84,175.0,157.14,183.0,33.74,390.0,105.0,38.0,11.69,12.9,10.64,11.0,17.0,8.0,155.0,4.0,2.0
8477967,2022,Thatcher Demko,VAN,G,4on5,15,3514.0,6.52,14.0,92.0,4.47,2.0,9.95,9.0,48.42,52.0,0.15,0.0,29.51,23.0,15.87,17.0,6.29,44.0,16.0,8.0,1.46,1.92,3.15,4.0,5.0,5.0,24.0,0.0,0.0
8477967,2022,Thatcher Demko,VAN,G,5on4,15,4421.0,1.34,3.0,21.0,0.64,0.0,2.0,0.0,13.59,16.0,2.07,3.0,3.92,3.0,9.69,12.0,1.33,10.0,7.0,1.0,0.2,0.91,0.23,0.0,2.0,1.0,3.0,0.0,0.0
8476999,2022,Linus Ullmark,BOS,G,other,33,4084.0,11.43,4.0,150.0,6.48,12.0,15.55,14.0,80.66,74.0,1.33,1.0,48.11,46.0,26.58,32.0,10.22,64.0,32.0,15.0,2.16,4.06,5.21,0.0,1.0,3.0,39.0,0.0,0.0
8476999,2022,Linus Ullmark,BOS,G,all,33,115286.0,90.91,61.0,1819.0,69.11,93.0,224.25,233.0,972.81,961.0,30.82,34.0,536.6,439.0,385.1,475.0,86.79,971.0,275.0,93.0,26.02,34.07,30.82,17.0,21.0,23.0,480.0,2.0,1.0
8476999,2022,Linus Ullmark,BOS,G,5on5,33,90215.0,61.23,42.0,1407.0,49.59,68.0,179.58,196.0,743.96,749.0,23.64,27.0,405.52,321.0,304.62,368.0,59.07,767.0,203.0,56.0,20.43,25.12,15.68,15.0,17.0,10.0,381.0,2.0,1.0
8476999,2022,Linus Ullmark,BOS,G,4on5,33,11169.0,16.34,14.0,231.0,11.9,13.0,26.29,22.0,127.24,114.0,0.93,0.0,76.11,68.0,39.28,53.0,15.64,121.0,34.0,19.0,2.98,4.19,9.15,2.0,3.0,9.0,57.0,0.0,0.0
8476999,2022,Linus Ullmark,BOS,G,5on4,33,9818.0,1.92,1.0,31.0,1.14,0.0,2.82,1.0,20.96,24.0,4.92,6.0,6.86,4.0,14.62,22.0,1.85,19.0,6.0,3.0,0.45,0.7,0.77,0.0,0.0,1.0,3.0,0.0,0.0
8478009,2022,Ilya Sorokin,NYI,G,other,39,3128.0,8.03,7.0,96.0,4.31,8.0,10.67,10.0,54.29,49.0,0.97,1.0,31.25,27.0,16.84,19.0,7.27,38.0,23.0,12.0,1.31,2.75,3.97,0.0,4.0,3.0,23.0,0.0,0.0
8478009,2022,Ilya Sorokin,NYI,G,all,39,133855.0,113.33,86.0,2271.0,86.55,139.0,285.88,228.0,1203.64,1156.0,38.35,27.0,655.77,570.0,472.57,591.0,106.6,1217.0,311.0,127.0,34.22,39.27,39.85,26.0,35.0,25.0,616.0,0.0,0.0
8478009,2022,Ilya Sorokin,NYI,G,5on5,39,109940.0,84.22,62.0,1797.0,63.52,103.0,233.51,182.0,946.59,901.0,31.31,24.0,512.04,445.0,380.56,480.0,80.17,979.0,236.0,91.0,27.84,29.77,26.61,21.0,23.0,18.0,491.0,0.0,0.0
8478009,2022,Ilya Sorokin,NYI,G,4on5,39,10587.0,17.77,13.0,325.0,16.91,27.0,36.31,32.0,167.76,167.0,0.74,0.0,100.99,87.0,52.29,68.0,15.92,170.0,38.0,22.0,4.2,4.9,8.67,5.0,5.0,3.0,95.0,0.0,0.0
8478009,2022,Ilya Sorokin,NYI,G,5on4,39,10200.0,2.48,4.0,42.0,1.46,0.0,4.43,4.0,29.48,34.0,5.26,2.0,9.13,9.0,20.56,21.0,2.45,27.0,11.0,1.0,0.71,1.49,0.27,0.0,3.0,1.0,3.0,0.0,0.0
8477992,2022,Jonas Johansson,COL,G,other,1,0.0,0.0,0.0,0.0,0.0,0.0,0.0,0.0,0.0,0.0,0.0,0.0,0.0,0.0,0.0,0.0,0.0,0.0,0.0,0.0,0.0,0.0,0.0,0.0,0.0,0.0,0.0,0.0,0.0
8477992,2022,Jonas Johansson,COL,G,all,1,1395.0,0.69,0.0,11.0,0.5,2.0,1.5,1.0,6.51,7.0,0.53,0.0,3.49,1.0,2.59,5.0,0.6,6.0,3.0,0.0,0.16,0.53,0.0,0.0,0.0,0.0,2.0,0.0,0.0
8477992,2022,Jonas Johansson,COL,G,5on5,1,1155.0,0.69,0.0,11.0,0.5,2.0,1.5,1.0,6.51,7.0,0.4,0.0,3.49,1.0,2.59,5.0,0.6,6.0,3.0,0.0,0.16,0.53,0.0,0.0,0.0,0.0,2.0,0.0,0.0
8477992,2022,Jonas Johansson,COL,G,4on5,1,0.0,0.0,0.0,0.0,0.0,0.0,0.0,0.0,0.0,0.0,0.0,0.0,0.0,0.0,0.0,0.0,0.0,0.0,0.0,0.0,0.0,0.0,0.0,0.0,0.0,0.0,0.0,0.0,0.0
8477992,2022,Jonas Johansson,COL,G,5on4,1,240.0,0.0,0.0,0.0,0.0,0.0,0.0,0.0,0.0,0.0,0.12,0.0,0.0,0.0,0.0,0.0,0.0,0.0,0.0,0.0,0.0,0.0,0.0,0.0,0.0,0.0,0.0,0.0,0.0
8480280,2022,Jeremy Swayman,BOS,G,other,21,2379.0,6.75,4.0,60.0,2.87,5.0,7.0,2.0,34.15,28.0,1.11,1.0,20.04,18.0,8.99,16.0,4.78,24.0,13.0,10.0,0.95,1.56,4.25,1.0,3.0,0.0,13.0,0.0,0.0
8480280,2022,Jeremy Swayman,BOS,G,all,21,66140.0,50.79,43.0,953.0,36.2,40.0,115.17,115.0,512.45,500.0,21.84,20.0,277.0,215.0,202.09,271.0,47.74,487.0,160.0,51.0,14.13,19.61,17.05,13.0,21.0,9.0,255.0,0.0,0.0
8480280,2022,Jeremy Swayman,BOS,G,5on5,21,53327.0,32.59,28.0,731.0,25.3,28.0,89.81,85.0,383.1,373.0,16.69,17.0,206.03,165.0,155.9,207.0,31.72,378.0,116.0,28.0,11.22,13.98,7.39,11.0,14.0,3.0,209.0,0.0,0.0
8480280,2022,Jeremy Swayman,BOS,G,4on5,21,5132.0,8.6,10.0,124.0,6.57,7.0,14.97,23.0,70.85,73.0,0.46,0.0,42.97,29.0,22.53,26.0,8.41,69.0,19.0,10.0,1.41,2.57,4.61,1.0,4.0,5.0,26.0,0.0,0.0
8480280,2022,Jeremy Swayman,BOS,G,5on4,21,5302.0,1.8,1.0,26.0,0.86,0.0,2.12,4.0,16.55,17.0,3.42,2.0,4.59,1.0,11.19,15.0,1.79,13.0,5.0,3.0,0.4,0.61,0.8,0.0,0.0,1.0,5.0,0.0,0.0
8476945,2022,Connor Hellebuyck,WPG,G,other,40,4071.0,7.13,5.0,108.0,4.21,5.0,12.69,12.0,57.59,55.0,1.76,2.0,32.63,34.0,20.25,22.0,6.57,47.0,22.0,10.0,1.79,2.64,2.7,2.0,3.0,0.0,29.0,0.0,0.0
8476945,2022,Connor Hellebuyck,WPG,G,all,40,142680.0,118.84,97.0,2258.0,87.39,117.0,285.64,235.0,1237.09,1261.0,41.01,33.0,685.09,571.0,497.17,664.0,111.8,1222.0,371.0,122.0,35.05,46.06,37.73,32.0,36.0,29.0,543.0,0.0,0.0
8476945,2022,Connor Hellebuyck,WPG,G,5on5,40,116757.0,88.66,72.0,1801.0,66.91,96.0,237.18,196.0,991.86,1016.0,32.7,26.0,545.02,438.0,403.73,545.0,84.23,1001.0,291.0,82.0,29.33,36.57,22.76,28.0,28.0,16.0,427.0,0.0,0.0
8476945,2022,Connor Hellebuyck,WPG,G,4on5,40,10550.0,20.1,18.0,303.0,14.66,15.0,31.33,25.0,155.34,152.0,0.58,1.0,97.85,93.0,50.73,66.0,18.14,143.0,51.0,26.0,3.15,5.95,11.0,2.0,4.0,12.0,83.0,0.0,0.0
8476945,2022,Connor Hellebuyck,WPG,G,5on4,40,11302.0,2.95,2.0,46.0,1.63,1.0,4.45,2.0,32.29,38.0,5.98,4.0,9.59,6.0,22.47,31.0,2.85,31.0,7.0,4.0,0.79,0.9,1.26,0.0,1.0,1.0,4.0,0.0,0.0
8478435,2022,Dan Vladar,CGY,G,other,19,2084.0,3.9,4.0,57.0,2.08,1.0,5.32,8.0,29.76,30.0,0.76,0.0,17.55,17.0,10.22,10.0,3.81,22.0,15.0,3.0,0.7,1.82,1.39,1.0,2.0,1.0,17.0,0.0,0.0
8478435,2022,Dan Vladar,CGY,G,all,19,66376.0,48.81,51.0,984.0,37.54,40.0,128.93,127.0,545.67,533.0,21.49,11.0,300.47,230.0,218.97,276.0,47.33,551.0,158.0,44.0,16.35,18.92,13.53,27.0,14.0,10.0,231.0,2.0,1.0
8478435,2022,Dan Vladar,CGY,G,5on5,19,52090.0,33.92,34.0,746.0,26.57,34.0,102.97,91.0,412.96,398.0,17.02,10.0,225.71,175.0,169.8,214.0,32.89,434.0,108.0,31.0,12.94,12.92,8.07,21.0,9.0,4.0,173.0,2.0,1.0
8478435,2022,Dan Vladar,CGY,G,4on5,19,6619.0,10.07,10.0,159.0,8.3,5.0,19.09,26.0,89.73,89.0,0.61,0.0,52.7,35.0,28.91,42.0,9.71,82.0,30.0,10.0,2.35,3.64,4.08,4.0,1.0,5.0,37.0,0.0,0.0
8478435,2022,Dan Vladar,CGY,G,5on4,19,5583.0,0.86,2.0,21.0,0.53,0.0,1.42,2.0,12.42,15.0,3.06,1.0,4.14,3.0,9.68,10.0,0.85,12.0,5.0,0.0,0.31,0.55,0.0,0.0,2.0,0.0,4.0,0.0,0.0
8478499,2022,Adin Hill,VGK,G,other,19,1684.0,1.99,2.0,45.0,1.8,1.0,4.21,8.0,21.37,20.0,0.42,2.0,15.25,14.0,6.97,6.0,1.91,25.0,4.0,2.0,1.02,0.49,0.48,2.0,0.0,0.0,14.0,0.0,0.0
8478499,2022,Adin Hill,VGK,G,all,19,62968.0,41.95,46.0,1017.0,35.03,42.0,123.85,117.0,514.16,500.0,18.23,11.0,294.0,246.0,210.03,257.0,40.43,564.0,123.0,35.0,16.39,14.41,11.15,19.0,16.0,11.0,295.0,2.0,1.0
8478499,2022,Adin Hill,VGK,G,5on5,19,54856.0,34.0,37.0,859.0,28.49,35.0,107.89,100.0,438.47,424.0,15.54,8.0,247.34,200.0,182.83,229.0,33.05,491.0,98.0,26.0,14.28,11.56,8.16,17.0,14.0,6.0,244.0,2.0,1.0
8478499,2022,Adin Hill,VGK,G,4on5,19,3035.0,4.81,6.0,95.0,4.14,6.0,10.19,8.0,44.54,47.0,0.26,0.0,27.98,27.0,14.31,16.0,4.32,40.0,17.0,6.0,0.79,1.75,2.27,0.0,2.0,4.0,32.0,0.0,0.0
8478499,2022,Adin Hill,VGK,G,5on4,19,3393.0,0.55,0.0,14.0,0.34,0.0,1.08,1.0,6.32,7.0,1.98,1.0,2.27,3.0,4.54,5.0,0.54,7.0,2.0,0.0,0.23,0.32,0.0,0.0,0.0,0.0,5.0,0.0,0.0
8480313,2022,Logan Thompson,VGK,G,other,35,2966.0,6.27,5.0,103.0,4.1,6.0,9.93,14.0,51.17,55.0,0.74,0.0,30.73,27.0,17.27,18.0,6.11,46.0,17.0,7.0,1.74,1.87,2.67,1.0,2.0,2.0,33.0,2.0,1.0
8480313,2022,Logan Thompson,VGK,G,all,35,124570.0,90.41,93.0,2067.0,72.16,84.0,243.54,253.0,1045.22,1068.0,34.79,44.0,581.86,458.0,423.74,521.0,87.09,1092.0,271.0,83.0,30.82,32.72,26.87,30.0,37.0,26.0,621.0,2.0,1.0
8480313,2022,Logan Thompson,VGK,G,5on5,35,103673.0,66.76,70.0,1672.0,55.56,65.0,203.43,209.0,841.71,850.0,27.63,35.0,466.3,360.0,347.25,429.0,64.45,896.0,220.0,51.0,25.37,26.67,14.74,27.0,32.0,11.0,505.0,0.0,0.0
8480313,2022,Logan Thompson,VGK,G,4on5,35,8231.0,13.97,15.0,240.0,10.92,10.0,25.53,25.0,121.82,126.0,0.79,0.0,74.69,68.0,38.04,47.0,13.2,121.0,27.0,19.0,2.95,3.33,7.68,1.0,3.0,11.0,73.0,0.0,0.0
8480313,2022,Logan Thompson,VGK,G,5on4,35,9700.0,3.24,2.0,45.0,1.46,3.0,4.28,4.0,28.4,35.0,5.36,9.0,9.15,3.0,19.89,26.0,3.16,26.0,7.0,6.0,0.6,0.86,1.78,0.0,0.0,2.0,6.0,0.0,0.0
8478039,2022,Kaapo Kahkonen,SJS,G,other,21,1530.0,2.81,7.0,47.0,1.97,2.0,4.44,2.0,23.27,23.0,0.67,0.0,14.65,15.0,8.35,7.0,2.41,21.0,9.0,3.0,0.73,0.99,1.09,2.0,4.0,1.0,14.0,0.0,0.0
8478039,2022,Kaapo Kahkonen,SJS,G,all,21,74143.0,59.86,79.0,1232.0,46.18,61.0,144.82,161.0,634.04,628.0,20.4,16.0,361.59,274.0,258.08,294.0,57.45,652.0,185.0,55.0,20.04,22.23,17.58,22.0,39.0,18.0,340.0,0.0,0.0
8478039,2022,Kaapo Kahkonen,SJS,G,5on5,21,60438.0,43.81,53.0,964.0,34.15,44.0,118.22,139.0,498.17,500.0,16.34,15.0,279.57,213.0,208.34,235.0,42.51,529.0,132.0,40.0,16.67,16.09,11.04,16.0,28.0,9.0,263.0,0.0,0.0
8478039,2022,Kaapo Kahkonen,SJS,G,4on5,21,7072.0,11.79,14.0,198.0,9.25,14.0,20.28,18.0,99.18,91.0,0.44,1.0,62.66,46.0,31.69,43.0,11.09,92.0,36.0,11.0,2.35,4.26,5.18,3.0,3.0,8.0,59.0,0.0,0.0
8478039,2022,Kaapo Kahkonen,SJS,G,5on4,21,5103.0,1.32,4.0,22.0,0.74,1.0,1.76,2.0,12.63,13.0,2.95,0.0,4.39,0.0,9.34,9.0,1.31,10.0,7.0,1.0,0.29,0.76,0.27,1.0,3.0,0.0,4.0,0.0,0.0
8480382,2022,Alexandar Georgiev,COL,G,other,34,3451.0,9.02,6.0,98.0,4.52,7.0,10.94,10.0,57.45,53.0,1.62,2.0,30.61,21.0,19.83,29.0,8.04,36.0,28.0,13.0,1.45,3.63,3.95,3.0,3.0,0.0,21.0,0.0,0.0
8480382,2022,Alexandar Georgiev,COL,G,all,34,121847.0,101.51,88.0,1857.0,73.21,111.0,233.23,251.0,1023.82,1084.0,35.82,35.0,571.67,411.0,410.79,531.0,95.05,1055.0,260.0,110.0,30.61,32.51,38.4,33.0,28.0,27.0,432.0,0.0,0.0
8480382,2022,Alexandar Georgiev,COL,G,5on5,34,99190.0,63.04,54.0,1445.0,51.36,75.0,186.29,209.0,779.87,833.0,28.42,26.0,436.29,316.0,327.92,413.0,60.16,855.0,173.0,63.0,24.53,21.19,17.32,26.0,18.0,10.0,354.0,0.0,0.0
8480382,2022,Alexandar Georgiev,COL,G,4on5,34,9170.0,28.09,28.0,283.0,16.23,29.0,32.8,31.0,166.1,173.0,0.45,0.0,96.94,71.0,48.23,64.0,25.5,137.0,58.0,33.0,3.73,7.59,16.77,4.0,7.0,17.0,55.0,0.0,0.0
8480382,2022,Alexandar Georgiev,COL,G,5on4,34,10036.0,1.26,0.0,26.0,0.98,0.0,2.75,0.0,18.2,24.0,5.14,6.0,6.81,3.0,13.56,23.0,1.25,24.0,1.0,1.0,0.81,0.1,0.36,0.0,0.0,0.0,0.0,0.0,0.0
8476433,2022,Magnus Hellberg,DET,G,other,9,1074.0,2.13,1.0,27.0,0.87,2.0,2.17,1.0,12.2,9.0,0.28,0.0,6.4,7.0,4.05,5.0,1.99,11.0,1.0,4.0,0.57,0.12,1.45,0.0,0.0,1.0,11.0,0.0,0.0
8476433,2022,Magnus Hellberg,DET,G,all,9,28750.0,22.86,21.0,429.0,16.13,19.0,49.49,45.0,219.93,213.0,7.56,5.0,125.33,114.0,86.73,100.0,22.02,210.0,73.0,25.0,7.08,8.84,6.93,6.0,7.0,8.0,121.0,0.0,0.0
8476433,2022,Magnus Hellberg,DET,G,5on5,9,22549.0,16.88,17.0,329.0,12.26,15.0,39.69,37.0,171.04,168.0,5.46,3.0,97.06,89.0,69.32,76.0,16.31,164.0,59.0,18.0,5.17,7.12,4.59,5.0,7.0,5.0,88.0,0.0,0.0
8476433,2022,Magnus Hellberg,DET,G,4on5,9,2700.0,3.66,3.0,66.0,2.83,2.0,6.88,6.0,32.32,32.0,0.28,0.0,20.21,16.0,10.25,16.0,3.53,29.0,13.0,3.0,1.16,1.6,0.9,1.0,0.0,2.0,21.0,0.0,0.0
8476433,2022,Magnus Hellberg,DET,G,5on4,9,2427.0,0.06,0.0,5.0,0.09,0.0,0.51,0.0,2.83,2.0,1.44,2.0,0.95,2.0,2.3,2.0,0.06,4.0,0.0,0.0,0.06,0.0,0.0,0.0,0.0,0.0,1.0,0.0,0.0
8477480,2022,Eric Comrie,BUF,G,other,13,1799.0,2.78,4.0,47.0,2.19,2.0,4.91,5.0,26.12,27.0,0.43,1.0,17.2,17.0,8.09,8.0,2.53,23.0,12.0,1.0,0.88,1.54,0.37,1.0,3.0,0.0,11.0,0.0,0.0
8477480,2022,Eric Comrie,BUF,G,all,13,44792.0,39.87,44.0,646.0,26.69,38.0,83.17,88.0,376.78,379.0,13.04,16.0,203.69,155.0,149.39,181.0,38.02,367.0,110.0,38.0,12.01,13.65,14.21,14.0,17.0,13.0,131.0,0.0,0.0
8477480,2022,Eric Comrie,BUF,G,5on5,13,35639.0,26.87,29.0,498.0,19.43,30.0,67.09,77.0,288.07,291.0,10.15,12.0,155.08,113.0,116.1,137.0,25.45,290.0,80.0,24.0,9.8,9.83,7.23,11.0,12.0,6.0,104.0,0.0,0.0
8477480,2022,Eric Comrie,BUF,G,4on5,13,2855.0,8.35,10.0,77.0,4.15,6.0,8.76,5.0,45.99,45.0,0.41,0.0,26.35,20.0,13.96,21.0,8.16,39.0,14.0,10.0,0.85,1.69,5.81,2.0,1.0,7.0,14.0,0.0,0.0
8477480,2022,Eric Comrie,BUF,G,5on4,13,4499.0,1.87,1.0,24.0,0.92,0.0,2.41,1.0,16.6,16.0,2.05,3.0,5.06,5.0,11.24,15.0,1.87,15.0,4.0,3.0,0.47,0.6,0.81,0.0,1.0,0.0,2.0,0.0,0.0
8480420,2022,Collin Delia,VAN,G,other,12,887.0,3.45,5.0,43.0,1.9,1.0,4.81,5.0,25.11,26.0,0.26,0.0,16.59,14.0,7.39,9.0,3.21,25.0,7.0,3.0,0.96,0.81,1.69,0.0,3.0,2.0,8.0,0.0,0.0
8480420,2022,Collin Delia,VAN,G,all,12,39399.0,33.51,34.0,607.0,24.35,32.0,75.88,62.0,328.0,317.0,11.74,9.0,184.57,162.0,126.57,151.0,31.75,312.0,105.0,39.0,9.02,12.8,11.7,12.0,10.0,12.0,151.0,0.0,0.0
8480420,2022,Collin Delia,VAN,G,5on5,12,32504.0,24.52,24.0,471.0,17.69,25.0,59.96,53.0,251.27,242.0,8.94,8.0,138.52,124.0,98.82,109.0,23.32,244.0,72.0,32.0,7.1,8.84,8.58,11.0,6.0,7.0,123.0,0.0,0.0
8480420,2022,Collin Delia,VAN,G,4on5,12,2825.0,4.29,5.0,75.0,4.04,6.0,9.42,4.0,40.67,36.0,0.18,0.0,25.16,20.0,13.67,22.0,3.97,35.0,20.0,3.0,0.78,2.28,1.23,1.0,1.0,3.0,17.0,0.0,0.0
8480420,2022,Collin Delia,VAN,G,5on4,12,3183.0,0.79,0.0,10.0,0.5,0.0,0.93,0.0,7.06,10.0,2.23,1.0,2.55,2.0,5.0,8.0,0.78,5.0,4.0,1.0,0.09,0.5,0.2,0.0,0.0,0.0,0.0,0.0,0.0
8479973,2022,Stuart Skinner,EDM,G,other,28,2712.0,5.82,9.0,71.0,3.14,3.0,8.19,9.0,41.97,43.0,0.93,0.0,22.75,21.0,14.62,12.0,5.37,31.0,18.0,7.0,1.11,2.26,2.45,1.0,5.0,3.0,15.0,0.0,0.0
8479973,2022,Stuart Skinner,EDM,G,all,28,96263.0,80.74,78.0,1614.0,62.11,82.0,212.0,209.0,907.06,907.0,25.78,25.0,500.02,430.0,360.96,419.0,78.31,924.0,251.0,71.0,27.09,30.15,23.51,26.0,28.0,24.0,368.0,0.0,0.0
8479973,2022,Stuart Skinner,EDM,G,5on5,28,77781.0,58.59,48.0,1253.0,44.37,56.0,168.94,168.0,697.95,692.0,19.86,20.0,378.74,324.0,285.25,346.0,57.3,717.0,195.0,47.0,21.84,23.18,13.57,19.0,17.0,12.0,294.0,0.0,0.0
8479973,2022,Stuart Skinner,EDM,G,4on5,28,8257.0,15.08,19.0,263.0,13.85,23.0,32.29,28.0,149.5,152.0,0.5,1.0,92.59,81.0,48.1,47.0,14.4,158.0,33.0,16.0,3.69,4.12,7.27,4.0,6.0,9.0,56.0,0.0,0.0
8479973,2022,Stuart Skinner,EDM,G,5on4,28,7513.0,1.04,1.0,23.0,0.6,0.0,1.91,3.0,14.72,17.0,4.45,4.0,4.7,4.0,11.33,12.0,1.04,15.0,4.0,1.0,0.34,0.49,0.22,1.0,0.0,0.0,3.0,0.0,0.0
8479312,2022,Alex Lyon,FLA,G,other,6,626.0,1.44,1.0,15.0,0.62,2.0,1.45,0.0,7.95,9.0,0.31,0.0,3.92,3.0,2.32,4.0,1.26,5.0,3.0,2.0,0.29,0.39,0.76,1.0,0.0,0.0,5.0,0.0,0.0
8479312,2022,Alex Lyon,FLA,G,all,6,21280.0,20.36,23.0,374.0,14.79,21.0,45.42,33.0,199.02,204.0,7.47,3.0,108.41,98.0,77.54,95.0,19.56,187.0,66.0,20.0,5.75,8.09,6.52,10.0,7.0,6.0,101.0,0.0,0.0
8479312,2022,Alex Lyon,FLA,G,5on5,6,16950.0,13.06,14.0,288.0,10.28,13.0,34.79,25.0,147.24,148.0,5.65,2.0,81.44,73.0,59.65,77.0,12.78,143.0,51.0,10.0,4.31,6.19,2.57,5.0,5.0,4.0,84.0,0.0,0.0
8479312,2022,Alex Lyon,FLA,G,4on5,6,1711.0,4.77,5.0,56.0,3.2,6.0,7.54,6.0,34.07,36.0,0.14,0.0,18.58,18.0,9.79,9.0,4.45,31.0,7.0,7.0,0.85,0.94,2.98,3.0,0.0,2.0,11.0,0.0,0.0
8479312,2022,Alex Lyon,FLA,G,5on4,6,1993.0,0.51,2.0,9.0,0.32,0.0,0.74,1.0,5.5,7.0,1.3,1.0,2.02,2.0,4.22,3.0,0.51,6.0,2.0,0.0,0.26,0.24,0.0,1.0,1.0,0.0,1.0,0.0,0.0
8477424,2022,Juuse Saros,NSH,G,other,38,4236.0,10.93,9.0,127.0,4.68,5.0,11.45,6.0,66.05,66.0,1.82,5.0,33.89,36.0,23.8,28.0,9.22,33.0,44.0,10.0,1.51,5.5,3.92,1.0,6.0,2.0,40.0,0.0,0.0
8477424,2022,Juuse Saros,NSH,G,all,38,134869.0,126.96,104.0,2321.0,91.83,122.0,279.39,284.0,1264.03,1272.0,39.11,39.0,703.11,541.0,498.93,659.0,120.72,1208.0,421.0,114.0,37.35,51.31,38.3,22.0,53.0,29.0,578.0,0.0,0.0
8477424,2022,Juuse Saros,NSH,G,5on5,38,106182.0,88.92,68.0,1751.0,64.95,92.0,219.67,222.0,948.39,950.0,30.39,29.0,523.21,382.0,382.6,525.0,85.6,923.0,314.0,74.0,29.95,38.28,20.69,19.0,36.0,13.0,440.0,0.0,0.0
8477424,2022,Juuse Saros,NSH,G,4on5,38,13263.0,23.92,23.0,395.0,20.37,25.0,43.79,53.0,216.19,216.0,1.14,1.0,135.6,116.0,69.47,76.0,22.7,224.0,49.0,28.0,4.96,5.81,13.15,1.0,9.0,13.0,94.0,0.0,0.0
8477424,2022,Juuse Saros,NSH,G,5on4,38,11188.0,3.09,4.0,46.0,1.79,0.0,4.36,3.0,32.59,39.0,5.62,3.0,10.12,7.0,22.66,29.0,3.09,28.0,13.0,2.0,0.95,1.61,0.54,1.0,2.0,1.0,3.0,0.0,0.0
8477180,2022,Aaron Dell,SJS,G,other,2,53.0,0.0,0.0,0.0,0.0,0.0,0.0,0.0,0.0,0.0,0.0,0.0,0.0,0.0,0.0,0.0,0.0,0.0,0.0,0.0,0.0,0.0,0.0,0.0,0.0,0.0,0.0,0.0,0.0
8477180,2022,Aaron Dell,SJS,G,all,2,7014.0,7.7,7.0,121.0,4.7,9.0,14.45,14.0,63.3,68.0,1.52,1.0,31.82,19.0,22.25,33.0,7.04,47.0,25.0,11.0,1.64,3.01,3.04,2.0,3.0,2.0,38.0,0.0,0.0
8477180,2022,Aaron Dell,SJS,G,5on5,2,6137.0,5.72,5.0,96.0,3.56,7.0,12.19,12.0,50.76,56.0,1.42,1.0,25.28,15.0,18.56,27.0,5.3,43.0,15.0,9.0,1.5,1.71,2.51,2.0,1.0,2.0,29.0,0.0,0.0
8477180,2022,Aaron Dell,SJS,G,4on5,2,735.0,1.87,2.0,24.0,1.11,2.0,2.13,2.0,11.73,12.0,0.04,0.0,6.36,4.0,3.17,5.0,1.63,4.0,9.0,2.0,0.14,1.19,0.53,0.0,2.0,0.0,9.0,0.0,0.0
8477180,2022,Aaron Dell,SJS,G,5on4,2,89.0,0.11,0.0,1.0,0.03,0.0,0.13,0.0,0.81,0.0,0.07,0.0,0.19,0.0,0.52,1.0,0.11,0.0,1.0,0.0,0.0,0.11,0.0,0.0,0.0,0.0,0.0,0.0,0.0
8470860,2022,Jaroslav Halak,NYR,G,other,14,1576.0,4.44,3.0,50.0,2.07,3.0,4.31,5.0,25.19,26.0,0.51,1.0,14.48,12.0,6.79,9.0,3.89,18.0,9.0,6.0,0.61,1.06,2.77,1.0,0.0,2.0,17.0,0.0,0.0
8470860,2022,Jaroslav Halak,NYR,G,all,14,50051.0,37.73,37.0,750.0,28.46,33.0,88.17,79.0,394.11,390.0,16.37,18.0,221.58,176.0,155.14,211.0,36.11,395.0,112.0,37.0,12.01,14.04,11.68,14.0,15.0,8.0,206.0,0.0,0.0
8470860,2022,Jaroslav Halak,NYR,G,5on5,14,40471.0,24.95,28.0,571.0,20.21,20.0,69.95,66.0,297.27,292.0,12.44,16.0,165.13,129.0,121.02,162.0,24.11,309.0,81.0,21.0,9.63,10.12,5.21,13.0,12.0,3.0,160.0,0.0,0.0
8470860,2022,Jaroslav Halak,NYR,G,4on5,14,4105.0,6.8,5.0,109.0,5.44,9.0,12.19,7.0,58.4,57.0,0.5,0.0,37.81,32.0,18.83,29.0,6.58,58.0,16.0,9.0,1.43,1.94,3.42,0.0,2.0,3.0,26.0,0.0,0.0
8470860,2022,Jaroslav Halak,NYR,G,5on4,14,3899.0,1.54,1.0,20.0,0.75,1.0,1.71,1.0,13.25,15.0,2.92,1.0,4.15,3.0,8.5,11.0,1.54,10.0,6.0,1.0,0.33,0.92,0.28,0.0,1.0,0.0,3.0,0.0,0.0
8478007,2022,Elvis Merzlikins,CBJ,G,other,21,1831.0,3.05,5.0,40.0,1.61,1.0,4.29,1.0,22.19,21.0,0.48,2.0,13.22,11.0,8.12,12.0,2.87,19.0,8.0,4.0,0.8,1.0,1.25,2.0,2.0,1.0,9.0,0.0,0.0
8478007,2022,Elvis Merzlikins,CBJ,G,all,21,66858.0,58.13,82.0,1162.0,43.38,61.0,148.0,126.0,628.74,630.0,17.4,19.0,351.8,288.0,251.44,298.0,55.13,657.0,153.0,64.0,18.46,18.57,21.1,33.0,30.0,19.0,288.0,4.0,2.0
8478007,2022,Elvis Merzlikins,CBJ,G,5on5,21,54467.0,41.69,63.0,908.0,31.87,45.0,120.49,98.0,492.94,494.0,14.17,12.0,272.11,216.0,200.34,243.0,40.2,522.0,117.0,44.0,14.5,14.21,12.97,26.0,24.0,13.0,225.0,4.0,2.0
8478007,2022,Elvis Merzlikins,CBJ,G,4on5,21,5958.0,11.52,12.0,189.0,9.01,14.0,20.91,24.0,97.86,95.0,0.52,1.0,61.25,56.0,31.76,32.0,10.23,100.0,25.0,13.0,2.61,2.95,5.96,3.0,4.0,5.0,51.0,0.0,0.0
8478007,2022,Elvis Merzlikins,CBJ,G,5on4,21,4602.0,1.86,2.0,25.0,0.88,1.0,2.31,3.0,15.75,20.0,2.23,4.0,5.22,5.0,11.22,11.0,1.83,16.0,3.0,3.0,0.55,0.4,0.92,2.0,0.0,0.0,3.0,0.0,0.0
8475789,2022,Jack Campbell,EDM,G,other,26,2181.0,4.93,2.0,51.0,2.34,3.0,5.38,11.0,29.54,34.0,0.47,1.0,18.25,12.0,7.98,11.0,4.47,21.0,12.0,7.0,0.74,1.36,2.83,0.0,1.0,1.0,11.0,0.0,0.0
8475789,2022,Jack Campbell,EDM,G,all,26,86614.0,68.96,79.0,1275.0,48.45,56.0,165.8,168.0,707.36,714.0,26.29,27.0,393.33,334.0,279.98,325.0,66.52,733.0,176.0,71.0,22.3,21.21,25.46,23.0,26.0,30.0,295.0,2.0,1.0
8475789,2022,Jack Campbell,EDM,G,5on5,26,68657.0,44.49,56.0,987.0,35.51,48.0,132.76,123.0,541.42,543.0,20.84,22.0,299.22,269.0,223.06,244.0,43.3,581.0,133.0,39.0,17.5,16.14,10.86,22.0,21.0,13.0,234.0,2.0,1.0
8475789,2022,Jack Campbell,EDM,G,4on5,26,8285.0,18.14,19.0,211.0,9.88,5.0,25.16,33.0,120.57,122.0,1.01,0.0,70.72,49.0,37.25,56.0,17.35,113.0,29.0,23.0,3.43,3.52,11.2,0.0,4.0,15.0,46.0,0.0,0.0
8475789,2022,Jack Campbell,EDM,G,5on4,26,7491.0,1.3,1.0,23.0,0.64,0.0,2.2,1.0,14.36,14.0,3.9,4.0,4.46,4.0,10.92,13.0,1.29,16.0,2.0,2.0,0.53,0.19,0.58,0.0,0.0,1.0,3.0,0.0,0.0
8482821,2022,Arvid Soderblom,CHI,G,other,15,557.0,1.2,2.0,15.0,0.61,0.0,1.22,1.0,7.23,5.0,0.13,1.0,4.41,3.0,2.32,3.0,1.17,3.0,5.0,2.0,0.12,0.58,0.49,0.0,1.0,1.0,5.0,0.0,0.0
8482821,2022,Arvid Soderblom,CHI,G,all,15,50114.0,44.26,48.0,837.0,31.33,39.0,106.52,105.0,459.78,453.0,11.65,10.0,244.39,184.0,182.6,233.0,42.61,448.0,127.0,49.0,12.92,16.12,15.22,16.0,18.0,14.0,213.0,0.0,0.0
8482821,2022,Arvid Soderblom,CHI,G,5on5,15,42611.0,34.55,34.0,705.0,25.87,35.0,93.29,95.0,390.13,384.0,9.31,7.0,208.69,160.0,155.91,196.0,33.33,389.0,106.0,36.0,11.43,13.46,9.66,15.0,12.0,7.0,174.0,0.0,0.0
8482821,2022,Arvid Soderblom,CHI,G,4on5,15,2811.0,6.11,9.0,87.0,3.82,3.0,9.33,8.0,44.02,49.0,0.2,0.0,25.12,20.0,13.23,17.0,5.73,42.0,9.0,8.0,0.92,1.0,4.19,1.0,3.0,5.0,28.0,0.0,0.0
8482821,2022,Arvid Soderblom,CHI,G,5on4,15,4135.0,2.27,3.0,23.0,0.85,1.0,1.97,0.0,15.39,13.0,1.95,2.0,4.71,1.0,9.76,15.0,2.24,10.0,7.0,3.0,0.31,1.08,0.88,0.0,2.0,1.0,3.0,0.0,0.0
8482137,2022,Yaroslav Askarov,NSH,G,other,1,175.0,0.19,1.0,3.0,0.17,0.0,0.36,0.0,2.16,2.0,0.02,0.0,1.1,0.0,1.12,2.0,0.19,2.0,1.0,0.0,0.08,0.11,0.0,1.0,0.0,0.0,0.0,0.0,0.0
8482137,2022,Yaroslav Askarov,NSH,G,all,1,3470.0,4.02,4.0,68.0,2.84,6.0,9.05,7.0,37.6,35.0,1.25,1.0,19.53,18.0,14.19,16.0,3.65,33.0,12.0,6.0,0.92,1.52,1.57,1.0,3.0,0.0,17.0,0.0,0.0
8482137,2022,Yaroslav Askarov,NSH,G,5on5,1,2805.0,3.61,1.0,60.0,2.49,6.0,8.09,7.0,32.84,29.0,1.13,0.0,16.86,18.0,11.75,12.0,3.25,29.0,9.0,6.0,0.82,1.22,1.57,0.0,1.0,0.0,16.0,0.0,0.0
8482137,2022,Yaroslav Askarov,NSH,G,4on5,1,178.0,0.19,2.0,3.0,0.09,0.0,0.32,0.0,1.51,2.0,0.02,0.0,0.92,0.0,0.44,0.0,0.19,0.0,2.0,0.0,0.0,0.19,0.0,0.0,2.0,0.0,1.0,0.0,0.0
8482137,2022,Yaroslav Askarov,NSH,G,5on4,1,312.0,0.02,0.0,2.0,0.1,0.0,0.29,0.0,1.09,2.0,0.07,1.0,0.65,0.0,0.88,2.0,0.02,2.0,0.0,0.0,0.02,0.0,0.0,0.0,0.0,0.0,0.0,0.0,0.0
8477970,2022,Vitek Vanecek,NJD,G,other,33,2848.0,4.83,7.0,62.0,2.08,3.0,5.33,3.0,29.04,26.0,1.33,0.0,16.13,18.0,8.7,7.0,4.46,20.0,10.0,8.0,0.89,1.04,2.9,3.0,2.0,2.0,24.0,0.0,0.0
8477970,2022,Vitek Vanecek,NJD,G,all,33,109187.0,78.53,71.0,1656.0,59.51,88.0,204.07,139.0,878.41,841.0,33.13,25.0,484.49,418.0,358.72,480.0,75.58,887.0,248.0,80.0,25.08,29.76,23.7,21.0,24.0,26.0,441.0,2.0,1.0
8477970,2022,Vitek Vanecek,NJD,G,5on5,33,88922.0,56.28,48.0,1298.0,43.72,65.0,165.82,120.0,683.54,657.0,26.91,23.0,374.22,313.0,285.6,386.0,54.57,704.0,196.0,49.0,19.9,23.78,12.6,15.0,16.0,17.0,349.0,2.0,1.0
8477970,2022,Vitek Vanecek,NJD,G,4on5,33,9748.0,14.93,13.0,254.0,12.4,20.0,28.75,13.0,138.13,135.0,0.62,0.0,85.56,77.0,45.79,67.0,14.09,138.0,34.0,20.0,3.55,4.01,7.37,2.0,5.0,6.0,62.0,0.0,0.0
8477970,2022,Vitek Vanecek,NJD,G,5on4,33,7669.0,2.49,3.0,41.0,1.31,0.0,4.19,3.0,27.7,23.0,4.16,2.0,8.58,10.0,18.64,20.0,2.47,25.0,8.0,3.0,0.74,0.92,0.83,1.0,1.0,1.0,5.0,0.0,0.0
8477484,2022,Spencer Martin,VAN,G,other,28,1808.0,3.17,5.0,47.0,1.87,0.0,4.37,7.0,24.59,26.0,0.72,0.0,15.02,11.0,9.7,10.0,3.05,21.0,12.0,2.0,1.0,1.46,0.71,1.0,3.0,1.0,12.0,0.0,0.0
8477484,2022,Spencer Martin,VAN,G,all,28,93011.0,81.93,102.0,1467.0,57.65,81.0,183.12,156.0,812.1,805.0,24.76,38.0,444.45,350.0,324.35,395.0,78.74,787.0,245.0,86.0,24.84,30.38,26.71,43.0,29.0,30.0,349.0,0.0,0.0
8477484,2022,Spencer Martin,VAN,G,5on5,28,76835.0,57.93,72.0,1189.0,44.34,64.0,153.66,130.0,648.92,647.0,19.1,31.0,357.06,287.0,263.8,318.0,55.89,659.0,183.0,56.0,20.51,22.95,14.47,39.0,20.0,13.0,291.0,0.0,0.0
8477484,2022,Spencer Martin,VAN,G,4on5,28,6150.0,17.51,21.0,189.0,9.89,16.0,21.1,16.0,109.63,104.0,0.43,0.0,63.13,48.0,32.75,42.0,16.52,83.0,42.0,23.0,2.48,4.99,10.05,2.0,5.0,14.0,41.0,0.0,0.0
8477484,2022,Spencer Martin,VAN,G,5on4,28,8218.0,2.65,4.0,34.0,1.19,0.0,2.94,2.0,23.6,22.0,4.27,7.0,6.9,3.0,15.68,21.0,2.64,19.0,7.0,4.0,0.62,0.85,1.18,1.0,1.0,2.0,4.0,0.0,0.0
8481611,2022,Pyotr Kochetkov,CAR,G,other,19,1876.0,5.77,6.0,53.0,2.41,4.0,5.9,4.0,31.46,32.0,0.64,0.0,16.15,15.0,10.69,13.0,5.25,20.0,16.0,6.0,0.97,2.15,2.66,2.0,3.0,1.0,11.0,0.0,0.0
8481611,2022,Pyotr Kochetkov,CAR,G,all,19,66389.0,49.26,43.0,896.0,35.3,45.0,114.87,91.0,494.41,497.0,20.81,17.0,265.22,238.0,195.18,248.0,45.1,469.0,157.0,50.0,13.05,19.52,16.69,17.0,19.0,7.0,220.0,0.0,0.0
8481611,2022,Pyotr Kochetkov,CAR,G,5on5,19,54049.0,33.33,30.0,697.0,25.47,30.0,92.78,71.0,381.93,380.0,17.15,16.0,203.42,184.0,154.67,196.0,32.27,371.0,119.0,32.0,10.27,14.67,8.38,13.0,14.0,3.0,175.0,0.0,0.0
8481611,2022,Pyotr Kochetkov,CAR,G,4on5,19,5263.0,8.95,6.0,128.0,6.8,11.0,14.65,14.0,70.39,73.0,0.6,0.0,41.79,37.0,22.4,29.0,6.37,68.0,19.0,10.0,1.47,2.36,5.12,2.0,1.0,3.0,31.0,0.0,0.0
8481611,2022,Pyotr Kochetkov,CAR,G,5on4,19,5201.0,1.1,0.0,17.0,0.58,0.0,1.41,2.0,9.88,11.0,2.42,1.0,3.54,2.0,7.06,10.0,1.09,10.0,2.0,2.0,0.34,0.23,0.53,0.0,0.0,0.0,3.0,0.0,0.0
8478470,2022,Sam Montembeault,MTL,G,other,22,1625.0,4.78,6.0,60.0,3.17,5.0,6.39,4.0,35.76,39.0,0.61,1.0,21.83,19.0,10.6,14.0,4.28,25.0,18.0,5.0,1.07,2.08,1.63,3.0,1.0,2.0,12.0,0.0,0.0
8478470,2022,Sam Montembeault,MTL,G,all,22,77834.0,81.72,69.0,1426.0,57.46,101.0,175.75,139.0,769.82,758.0,19.72,16.0,423.15,373.0,290.91,357.0,76.67,710.0,254.0,91.0,22.9,31.15,27.66,15.0,32.0,22.0,371.0,0.0,0.0
8478470,2022,Sam Montembeault,MTL,G,5on5,22,62876.0,55.02,45.0,1079.0,40.26,72.0,138.34,113.0,577.5,569.0,15.93,12.0,313.2,266.0,227.72,285.0,52.42,562.0,173.0,59.0,18.07,21.7,15.24,11.0,26.0,8.0,285.0,0.0,0.0
8478470,2022,Sam Montembeault,MTL,G,4on5,22,7135.0,18.86,18.0,257.0,12.85,22.0,28.01,17.0,136.28,130.0,0.79,0.0,82.08,86.0,40.52,41.0,16.95,111.0,54.0,22.0,3.32,6.19,9.35,1.0,5.0,12.0,70.0,0.0,0.0
8478470,2022,Sam Montembeault,MTL,G,5on4,22,6198.0,2.96,0.0,27.0,1.12,2.0,2.73,5.0,18.83,19.0,2.3,2.0,5.31,2.0,11.29,15.0,2.92,11.0,8.0,5.0,0.43,1.09,1.44,0.0,0.0,0.0,3.0,0.0,0.0
8474596,2022,Jake Allen,MTL,G,other,29,2758.0,9.0,7.0,76.0,2.83,2.0,7.5,6.0,42.1,43.0,1.36,0.0,20.82,21.0,13.57,17.0,6.09,25.0,14.0,16.0,1.05,1.67,6.29,0.0,6.0,1.0,21.0,0.0,0.0
8474596,2022,Jake Allen,MTL,G,all,29,104478.0,103.41,104.0,1758.0,67.89,98.0,214.92,192.0,941.06,953.0,25.19,15.0,506.04,422.0,358.54,435.0,95.2,886.0,265.0,131.0,26.06,33.41,43.95,24.0,40.0,40.0,476.0,0.0,0.0
8474596,2022,Jake Allen,MTL,G,5on5,29,82940.0,68.96,69.0,1319.0,48.18,78.0,168.93,149.0,701.38,698.0,19.43,7.0,370.07,285.0,273.57,348.0,65.65,660.0,207.0,86.0,19.75,26.22,22.99,20.0,27.0,22.0,366.0,0.0,0.0
8474596,2022,Jake Allen,MTL,G,4on5,29,9393.0,22.14,26.0,319.0,15.12,17.0,33.6,33.0,167.72,176.0,0.59,0.0,104.52,104.0,52.06,49.0,20.21,175.0,33.0,25.0,4.56,4.11,13.46,4.0,7.0,15.0,86.0,0.0,0.0
8474596,2022,Jake Allen,MTL,G,5on4,29,9387.0,2.73,1.0,37.0,1.51,1.0,4.07,4.0,25.93,32.0,3.75,8.0,9.13,9.0,17.63,21.0,2.69,24.0,9.0,3.0,0.61,1.21,0.92,0.0,0.0,1.0,1.0,0.0,0.0
8483158,2022,Matthew Berlin,EDM,G,other,1,0.0,0.0,0.0,0.0,0.0,0.0,0.0,0.0,0.0,0.0,0.0,0.0,0.0,0.0,0.0,0.0,0.0,0.0,0.0,0.0,0.0,0.0,0.0,0.0,0.0,0.0,0.0,0.0,0.0
8483158,2022,Matthew Berlin,EDM,G,all,1,146.0,0.01,0.0,2.0,0.03,0.0,0.23,0.0,0.76,1.0,0.07,0.0,0.41,0.0,0.3,1.0,0.01,1.0,0.0,0.0,0.01,0.0,0.0,0.0,0.0,0.0,1.0,0.0,0.0
8483158,2022,Matthew Berlin,EDM,G,5on5,1,146.0,0.01,0.0,2.0,0.03,0.0,0.23,0.0,0.76,1.0,0.07,0.0,0.41,0.0,0.3,1.0,0.01,1.0,0.0,0.0,0.01,0.0,0.0,0.0,0.0,0.0,1.0,0.0,0.0
8483158,2022,Matthew Berlin,EDM,G,4on5,1,0.0,0.0,0.0,0.0,0.0,0.0,0.0,0.0,0.0,0.0,0.0,0.0,0.0,0.0,0.0,0.0,0.0,0.0,0.0,0.0,0.0,0.0,0.0,0.0,0.0,0.0,0.0,0.0,0.0
8483158,2022,Matthew Berlin,EDM,G,5on4,1,0.0,0.0,0.0,0.0,0.0,0.0,0.0,0.0,0.0,0.0,0.0,0.0,0.0,0.0,0.0,0.0,0.0,0.0,0.0,0.0,0.0,0.0,0.0,0.0,0.0,0.0,0.0,0.0,0.0
8474682,2022,Dustin Tokarski,PIT,G,other,2,299.0,0.23,0.0,7.0,0.35,0.0,0.91,0.0,4.37,2.0,0.05,0.0,3.09,4.0,1.28,2.0,0.23,5.0,1.0,0.0,0.14,0.09,0.0,0.0,0.0,0.0,1.0,0.0,0.0
8474682,2022,Dustin Tokarski,PIT,G,all,2,6731.0,5.84,5.0,102.0,4.1,5.0,14.06,11.0,59.36,59.0,1.86,3.0,31.55,26.0,23.48,30.0,5.69,61.0,14.0,6.0,1.48,2.0,2.36,1.0,2.0,2.0,21.0,0.0,0.0
8474682,2022,Dustin Tokarski,PIT,G,5on5,2,5144.0,4.04,4.0,74.0,2.91,3.0,10.57,7.0,43.29,44.0,1.23,3.0,22.96,20.0,17.11,21.0,3.94,43.0,12.0,4.0,1.13,1.73,1.19,1.0,2.0,1.0,15.0,0.0,0.0
8474682,2022,Dustin Tokarski,PIT,G,4on5,2,607.0,1.06,1.0,16.0,0.61,2.0,1.87,4.0,7.52,10.0,0.0,0.0,4.48,2.0,2.67,2.0,1.01,10.0,0.0,1.0,0.11,0.0,0.95,0.0,0.0,1.0,5.0,0.0,0.0
8474682,2022,Dustin Tokarski,PIT,G,5on4,2,681.0,0.51,0.0,5.0,0.23,0.0,0.72,0.0,4.18,3.0,0.58,0.0,1.02,0.0,2.42,5.0,0.51,3.0,1.0,1.0,0.1,0.18,0.22,0.0,0.0,0.0,0.0,0.0,0.0
8478916,2022,Joey Daccord,SEA,G,other,1,173.0,0.02,0.0,1.0,0.04,0.0,0.17,1.0,0.74,1.0,0.07,0.0,0.56,0.0,0.19,0.0,0.02,1.0,0.0,0.0,0.02,0.0,0.0,0.0,0.0,0.0,0.0,0.0,0.0
8478916,2022,Joey Daccord,SEA,G,all,1,3600.0,2.84,4.0,69.0,2.27,3.0,7.96,13.0,35.34,40.0,0.68,1.0,20.03,16.0,15.72,13.0,2.8,40.0,7.0,3.0,1.3,0.84,0.7,2.0,1.0,1.0,19.0,0.0,0.0
8478916,2022,Joey Daccord,SEA,G,5on5,1,2783.0,2.08,4.0,55.0,1.88,2.0,6.63,12.0,28.73,32.0,0.5,1.0,16.57,13.0,12.9,9.0,2.04,33.0,7.0,1.0,1.03,0.84,0.2,2.0,1.0,1.0,14.0,0.0,0.0
8478916,2022,Joey Daccord,SEA,G,4on5,1,358.0,0.69,0.0,11.0,0.33,1.0,1.0,0.0,4.29,6.0,0.04,0.0,2.52,3.0,1.32,2.0,0.68,4.0,0.0,2.0,0.2,0.0,0.49,0.0,0.0,0.0,5.0,0.0,0.0
8478916,2022,Joey Daccord,SEA,G,5on4,1,286.0,0.06,0.0,2.0,0.03,0.0,0.16,0.0,1.57,1.0,0.06,0.0,0.39,0.0,1.31,2.0,0.06,2.0,0.0,0.0,0.06,0.0,0.0,0.0,0.0,0.0,0.0,0.0,0.0
8470880,2022,Brian Elliott,TBL,G,other,13,1593.0,3.66,0.0,51.0,1.73,6.0,5.1,9.0,23.38,24.0,0.46,0.0,12.83,9.0,6.87,7.0,3.45,15.0,11.0,5.0,0.76,1.32,1.58,0.0,0.0,0.0,20.0,0.0,0.0
8470880,2022,Brian Elliott,TBL,G,all,13,47069.0,42.24,41.0,746.0,28.24,43.0,91.63,127.0,395.43,402.0,13.39,18.0,218.38,152.0,156.02,174.0,39.88,375.0,129.0,46.0,11.27,15.68,15.3,10.0,17.0,14.0,196.0,0.0,0.0
8470880,2022,Brian Elliott,TBL,G,5on5,13,38177.0,29.2,27.0,567.0,20.93,32.0,73.5,103.0,303.96,308.0,10.53,16.0,167.41,109.0,122.52,143.0,27.51,300.0,93.0,31.0,8.57,11.54,9.09,10.0,10.0,7.0,143.0,0.0,0.0
8470880,2022,Brian Elliott,TBL,G,4on5,13,3231.0,8.06,11.0,104.0,4.88,5.0,10.96,12.0,54.99,54.0,0.31,0.0,33.41,30.0,17.85,18.0,7.61,48.0,20.0,9.0,1.54,2.23,4.3,0.0,5.0,6.0,27.0,0.0,0.0
8470880,2022,Brian Elliott,TBL,G,5on4,13,4068.0,0.95,2.0,18.0,0.49,0.0,1.56,1.0,9.94,13.0,1.87,2.0,3.5,4.0,7.19,5.0,0.95,11.0,2.0,1.0,0.35,0.27,0.33,0.0,1.0,1.0,4.0,0.0,0.0
8471734,2022,Jonathan Quick,LAK,G,other,27,2403.0,6.91,6.0,75.0,3.82,7.0,8.73,11.0,46.93,47.0,0.81,2.0,25.86,22.0,15.18,15.0,5.88,33.0,22.0,7.0,1.51,2.82,2.58,0.0,2.0,4.0,13.0,0.0,0.0
8471734,2022,Jonathan Quick,LAK,G,all,27,91790.0,72.55,87.0,1401.0,53.01,62.0,164.56,159.0,742.27,731.0,26.69,34.0,410.74,353.0,297.19,341.0,69.31,725.0,237.0,60.0,22.21,29.46,20.88,29.0,37.0,21.0,379.0,2.0,1.0
8471734,2022,Jonathan Quick,LAK,G,5on5,27,73962.0,50.28,58.0,1083.0,38.58,44.0,130.29,124.0,562.51,547.0,21.35,26.0,308.69,262.0,229.9,274.0,48.53,560.0,177.0,39.0,17.46,22.23,10.59,26.0,25.0,7.0,307.0,2.0,1.0
8471734,2022,Jonathan Quick,LAK,G,4on5,27,7469.0,12.97,17.0,205.0,9.43,10.0,21.98,21.0,107.72,111.0,0.62,0.0,68.56,64.0,34.63,35.0,12.56,110.0,29.0,12.0,2.5,3.32,7.15,2.0,5.0,10.0,54.0,0.0,0.0
8471734,2022,Jonathan Quick,LAK,G,5on4,27,7956.0,2.28,5.0,37.0,1.14,1.0,3.45,3.0,24.28,25.0,3.9,6.0,7.29,5.0,17.11,17.0,2.23,22.0,8.0,2.0,0.74,0.99,0.55,1.0,4.0,0.0,5.0,0.0,0.0
8475852,2022,Petr Mrazek,CHI,G,other,22,1016.0,3.62,3.0,42.0,2.12,3.0,4.54,3.0,24.21,26.0,0.51,0.0,14.34,14.0,7.51,9.0,3.35,19.0,10.0,4.0,0.87,1.0,1.75,0.0,1.0,2.0,9.0,0.0,0.0
8475852,2022,Petr Mrazek,CHI,G,all,22,74007.0,71.21,82.0,1309.0,51.03,83.0,164.35,103.0,702.4,710.0,16.84,9.0,385.84,322.0,274.26,358.0,67.71,684.0,200.0,86.0,20.92,23.98,26.31,31.0,22.0,29.0,339.0,4.0,2.0
8475852,2022,Petr Mrazek,CHI,G,5on5,22,61630.0,54.35,63.0,1087.0,40.07,65.0,139.02,85.0,575.26,582.0,13.38,7.0,316.4,269.0,228.21,294.0,51.94,577.0,154.0,66.0,17.34,18.43,18.58,27.0,14.0,22.0,290.0,4.0,2.0
8475852,2022,Petr Mrazek,CHI,G,4on5,22,5646.0,11.45,15.0,151.0,7.97,13.0,18.02,13.0,85.23,87.0,0.4,0.0,49.23,37.0,26.38,38.0,10.64,71.0,31.0,14.0,2.17,3.89,5.39,4.0,7.0,4.0,35.0,0.0,0.0
8475852,2022,Petr Mrazek,CHI,G,5on4,22,5715.0,1.51,1.0,26.0,0.7,2.0,2.32,2.0,15.32,13.0,2.46,2.0,4.89,2.0,11.12,14.0,1.5,15.0,4.0,2.0,0.45,0.46,0.6,0.0,0.0,1.0,5.0,0.0,0.0
8481035,2022,Samuel Ersson,PHI,G,other,7,531.0,0.82,2.0,13.0,0.45,0.0,1.02,0.0,6.05,7.0,0.17,0.0,3.24,4.0,2.29,2.0,0.8,4.0,4.0,0.0,0.18,0.64,0.0,1.0,1.0,0.0,5.0,0.0,0.0
8481035,2022,Samuel Ersson,PHI,G,all,7,22791.0,19.23,15.0,351.0,14.09,21.0,43.65,37.0,195.63,184.0,6.4,9.0,108.1,83.0,78.49,110.0,18.31,185.0,69.0,16.0,5.97,8.64,4.62,6.0,7.0,2.0,81.0,0.0,0.0
8481035,2022,Samuel Ersson,PHI,G,5on5,7,18337.0,13.84,9.0,265.0,10.52,18.0,35.42,28.0,150.21,143.0,4.67,6.0,81.66,61.0,59.64,88.0,13.15,147.0,45.0,14.0,4.43,5.73,3.68,4.0,4.0,1.0,59.0,0.0,0.0
8481035,2022,Samuel Ersson,PHI,G,4on5,7,2007.0,4.15,4.0,63.0,2.83,3.0,6.24,7.0,31.85,26.0,0.32,2.0,21.0,18.0,10.64,12.0,3.94,25.0,19.0,2.0,1.1,2.12,0.94,1.0,2.0,1.0,17.0,0.0,0.0
8481035,2022,Samuel Ersson,PHI,G,5on4,7,1916.0,0.41,0.0,10.0,0.3,0.0,0.97,2.0,7.51,8.0,1.24,1.0,2.2,0.0,5.91,8.0,0.41,9.0,1.0,0.0,0.26,0.15,0.0,0.0,0.0,0.0,0.0,0.0,0.0
8467950,2022,Craig Anderson,BUF,G,other,17,928.0,3.77,3.0,30.0,1.35,1.0,3.28,4.0,18.51,18.0,0.33,0.0,10.5,10.0,5.44,7.0,3.12,12.0,9.0,4.0,0.53,1.1,2.15,1.0,1.0,1.0,5.0,0.0,0.0
8467950,2022,Craig Anderson,BUF,G,all,17,59317.0,51.02,45.0,920.0,37.19,48.0,120.95,110.0,523.09,552.0,16.98,17.0,292.53,231.0,204.07,274.0,48.72,510.0,163.0,50.0,15.15,19.72,16.15,15.0,18.0,12.0,197.0,0.0,0.0
8467950,2022,Craig Anderson,BUF,G,5on5,17,47765.0,34.7,32.0,694.0,26.25,37.0,93.85,88.0,391.99,420.0,13.69,12.0,216.02,163.0,157.37,209.0,33.76,384.0,130.0,27.0,11.48,15.9,7.32,12.0,16.0,4.0,153.0,0.0,0.0
8467950,2022,Craig Anderson,BUF,G,4on5,17,5650.0,10.67,10.0,178.0,8.83,9.0,21.78,17.0,99.73,100.0,0.76,0.0,61.92,56.0,33.4,46.0,10.11,103.0,22.0,15.0,2.79,2.49,5.39,2.0,1.0,7.0,38.0,0.0,0.0
8467950,2022,Craig Anderson,BUF,G,5on4,17,4974.0,1.87,0.0,18.0,0.76,1.0,2.04,1.0,12.86,14.0,2.15,5.0,4.09,2.0,7.87,12.0,1.73,11.0,2.0,4.0,0.35,0.24,1.29,0.0,0.0,0.0,1.0,0.0,0.0
8479496,2022,David Rittich,WPG,G,other,13,1030.0,1.63,5.0,25.0,1.19,0.0,2.5,3.0,14.12,16.0,0.23,0.0,8.27,7.0,4.97,4.0,1.58,13.0,5.0,1.0,0.62,0.77,0.24,3.0,1.0,1.0,6.0,0.0,0.0
8479496,2022,David Rittich,WPG,G,all,13,43322.0,30.14,31.0,654.0,23.89,18.0,82.26,78.0,346.35,340.0,12.0,13.0,195.98,160.0,142.22,188.0,29.38,365.0,96.0,25.0,10.51,12.23,7.4,14.0,9.0,8.0,168.0,2.0,1.0
8479496,2022,David Rittich,WPG,G,5on5,13,35385.0,22.46,22.0,524.0,18.13,16.0,69.24,68.0,276.64,271.0,9.5,13.0,155.92,129.0,113.05,145.0,21.91,300.0,70.0,18.0,8.33,9.0,5.13,10.0,7.0,5.0,136.0,2.0,1.0
8479496,2022,David Rittich,WPG,G,4on5,13,3350.0,4.26,4.0,81.0,3.79,2.0,8.63,6.0,39.96,36.0,0.32,0.0,27.14,22.0,13.71,22.0,4.09,41.0,16.0,2.0,1.43,1.76,1.07,1.0,1.0,2.0,22.0,0.0,0.0
8479496,2022,David Rittich,WPG,G,5on4,13,3557.0,1.8,0.0,24.0,0.78,0.0,1.88,1.0,15.63,17.0,1.94,0.0,4.65,2.0,10.48,17.0,1.8,11.0,5.0,4.0,0.13,0.71,0.96,0.0,0.0,0.0,4.0,0.0,0.0
8471774,2022,Alex Stalock,CHI,G,other,14,1280.0,1.16,1.0,31.0,1.25,1.0,3.14,2.0,15.62,11.0,0.42,0.0,10.29,12.0,4.64,4.0,1.12,18.0,2.0,1.0,0.58,0.28,0.31,0.0,0.0,1.0,10.0,0.0,0.0
8471774,2022,Alex Stalock,CHI,G,all,14,43961.0,36.56,33.0,744.0,29.21,34.0,96.53,78.0,412.63,403.0,10.87,8.0,224.18,206.0,164.23,201.0,35.5,440.0,84.0,40.0,11.58,10.82,14.16,10.0,10.0,13.0,180.0,4.0,2.0
8471774,2022,Alex Stalock,CHI,G,5on5,14,35323.0,25.57,24.0,566.0,20.81,25.0,76.81,58.0,312.48,308.0,8.32,7.0,168.38,157.0,127.22,157.0,24.97,330.0,73.0,26.0,9.13,9.29,7.14,10.0,8.0,6.0,137.0,4.0,2.0
8471774,2022,Alex Stalock,CHI,G,4on5,14,4239.0,8.07,7.0,118.0,6.22,8.0,13.96,15.0,67.49,66.0,0.35,0.0,39.82,34.0,21.86,26.0,7.67,77.0,5.0,10.0,1.38,0.68,6.01,0.0,1.0,6.0,26.0,0.0,0.0
8471774,2022,Alex Stalock,CHI,G,5on4,14,3119.0,1.44,1.0,18.0,0.66,0.0,1.55,2.0,11.89,13.0,1.71,1.0,3.32,2.0,7.71,10.0,1.44,9.0,3.0,3.0,0.29,0.45,0.7,0.0,1.0,0.0,3.0,0.0,0.0
8480925,2022,Pavel Francouz,COL,G,other,15,1160.0,1.98,4.0,30.0,1.17,1.0,3.35,3.0,15.23,18.0,0.56,0.0,8.49,10.0,5.41,2.0,1.92,12.0,6.0,3.0,0.46,0.75,0.78,2.0,1.0,1.0,9.0,0.0,0.0
8480925,2022,Pavel Francouz,COL,G,all,15,54050.0,39.78,38.0,838.0,32.65,42.0,107.4,111.0,460.84,470.0,13.67,18.0,256.79,222.0,186.0,208.0,38.44,472.0,129.0,37.0,13.26,15.43,11.08,10.0,17.0,11.0,200.0,0.0,0.0
8480925,2022,Pavel Francouz,COL,G,5on5,15,42380.0,29.92,26.0,674.0,25.04,36.0,89.25,97.0,371.47,381.0,10.37,15.0,204.95,173.0,151.42,169.0,28.95,388.0,100.0,25.0,10.96,12.17,6.79,7.0,12.0,7.0,161.0,0.0,0.0
8480925,2022,Pavel Francouz,COL,G,4on5,15,5159.0,7.05,6.0,112.0,5.78,5.0,12.84,8.0,61.67,54.0,0.32,0.0,38.6,35.0,19.78,28.0,6.75,58.0,19.0,9.0,1.54,1.99,3.52,1.0,2.0,3.0,26.0,0.0,0.0
8480925,2022,Pavel Francouz,COL,G,5on4,15,5351.0,0.8,2.0,21.0,0.63,0.0,1.77,3.0,11.73,17.0,2.37,3.0,4.37,4.0,9.03,8.0,0.8,13.0,4.0,0.0,0.28,0.52,0.0,0.0,2.0,0.0,4.0,0.0,0.0
8479406,2022,Filip Gustavsson,MIN,G,other,20,2466.0,6.94,5.0,66.0,2.69,8.0,7.23,4.0,35.79,32.0,0.68,0.0,17.68,11.0,11.2,19.0,5.81,27.0,9.0,11.0,1.04,1.14,4.75,0.0,1.0,4.0,19.0,0.0,0.0
8479406,2022,Filip Gustavsson,MIN,G,all,20,70262.0,56.24,45.0,1114.0,40.17,55.0,140.41,118.0,592.1,577.0,20.17,18.0,328.11,272.0,235.01,311.0,53.09,612.0,154.0,54.0,17.42,18.4,20.42,14.0,14.0,17.0,294.0,0.0,0.0
8479406,2022,Filip Gustavsson,MIN,G,5on5,20,56556.0,37.2,30.0,854.0,29.41,36.0,113.03,95.0,459.49,448.0,15.99,16.0,253.45,207.0,189.24,254.0,36.02,484.0,124.0,30.0,13.69,14.83,8.68,12.0,12.0,6.0,216.0,0.0,0.0
8479406,2022,Filip Gustavsson,MIN,G,4on5,20,5780.0,11.26,10.0,181.0,7.69,11.0,18.92,17.0,88.83,88.0,0.59,0.0,54.25,51.0,29.0,32.0,10.44,93.0,19.0,12.0,2.49,2.16,6.61,2.0,1.0,7.0,57.0,0.0,0.0
8479406,2022,Filip Gustavsson,MIN,G,5on4,20,5460.0,0.83,0.0,13.0,0.37,0.0,1.24,2.0,7.99,9.0,2.91,2.0,2.73,3.0,5.56,6.0,0.83,8.0,2.0,1.0,0.19,0.26,0.38,0.0,0.0,0.0,2.0,0.0,0.0
8475683,2022,Sergei Bobrovsky,FLA,G,other,31,3382.0,7.79,7.0,96.0,3.86,7.0,10.54,12.0,50.96,53.0,0.9,1.0,26.31,25.0,16.65,15.0,6.89,37.0,20.0,10.0,1.33,2.67,3.79,3.0,2.0,2.0,29.0,0.0,0.0
8475683,2022,Sergei Bobrovsky,FLA,G,all,31,103466.0,92.62,91.0,1641.0,65.44,89.0,216.01,195.0,918.33,908.0,33.62,32.0,501.48,395.0,359.75,454.0,87.82,900.0,265.0,102.0,25.19,32.92,34.52,31.0,29.0,31.0,374.0,0.0,0.0
8475683,2022,Sergei Bobrovsky,FLA,G,5on5,31,81016.0,61.52,59.0,1234.0,47.46,68.0,169.32,149.0,694.3,676.0,25.6,24.0,378.83,293.0,278.9,358.0,59.26,700.0,197.0,63.0,19.88,24.2,17.44,23.0,22.0,14.0,274.0,0.0,0.0
8475683,2022,Sergei Bobrovsky,FLA,G,4on5,31,9673.0,20.28,22.0,268.0,12.67,11.0,32.08,33.0,146.78,153.0,1.13,1.0,87.65,73.0,46.36,58.0,18.67,137.0,42.0,25.0,3.16,5.13,11.98,5.0,3.0,14.0,64.0,0.0,0.0
8475683,2022,Sergei Bobrovsky,FLA,G,5on4,31,9395.0,3.03,3.0,43.0,1.45,3.0,4.07,1.0,26.3,26.0,5.99,6.0,8.69,4.0,17.85,23.0,2.98,26.0,6.0,4.0,0.81,0.92,1.31,0.0,2.0,1.0,7.0,0.0,0.0
8474593,2022,Jacob Markstrom,CGY,G,other,34,3121.0,9.78,8.0,102.0,4.67,5.0,10.94,8.0,60.01,60.0,0.93,4.0,32.35,30.0,20.29,27.0,8.6,38.0,29.0,13.0,1.66,3.71,4.41,2.0,3.0,3.0,22.0,0.0,0.0
8474593,2022,Jacob Markstrom,CGY,G,all,34,118075.0,96.06,96.0,1679.0,63.64,78.0,209.93,212.0,926.03,886.0,37.56,29.0,499.64,356.0,367.49,491.0,91.59,883.0,290.0,94.0,26.73,36.2,33.12,29.0,41.0,26.0,412.0,2.0,1.0
8474593,2022,Jacob Markstrom,CGY,G,5on5,34,94492.0,63.45,68.0,1291.0,46.38,61.0,167.35,170.0,702.7,670.0,29.52,20.0,376.57,258.0,286.3,381.0,61.51,700.0,208.0,55.0,21.32,26.11,16.02,27.0,29.0,12.0,328.0,0.0,0.0
8474593,2022,Jacob Markstrom,CGY,G,4on5,34,10558.0,19.92,17.0,243.0,11.25,9.0,27.58,30.0,136.0,125.0,1.69,1.0,81.69,64.0,43.1,62.0,18.65,122.0,42.0,24.0,2.97,4.92,12.03,0.0,7.0,10.0,55.0,2.0,1.0
8474593,2022,Jacob Markstrom,CGY,G,5on4,34,9904.0,1.89,1.0,34.0,0.94,1.0,3.06,3.0,22.14,25.0,5.24,4.0,6.57,2.0,15.85,21.0,1.86,21.0,7.0,1.0,0.69,0.93,0.28,0.0,1.0,0.0,5.0,0.0,0.0
8475809,2022,Scott Wedgewood,DAL,G,other,16,864.0,2.66,4.0,24.0,1.11,1.0,2.91,3.0,15.69,16.0,0.41,0.0,7.43,6.0,5.41,6.0,2.44,6.0,9.0,5.0,0.24,1.07,1.35,0.0,3.0,1.0,4.0,0.0,0.0
8475809,2022,Scott Wedgewood,DAL,G,all,16,52126.0,47.31,43.0,858.0,34.12,44.0,108.77,118.0,466.52,485.0,14.36,17.0,257.26,202.0,182.97,230.0,45.33,447.0,141.0,58.0,13.07,17.23,17.01,12.0,21.0,10.0,212.0,0.0,0.0
8475809,2022,Scott Wedgewood,DAL,G,5on5,16,42222.0,31.31,28.0,670.0,24.7,36.0,88.08,90.0,361.33,369.0,11.62,15.0,199.81,152.0,144.27,186.0,30.46,373.0,93.0,34.0,10.65,11.52,9.15,10.0,14.0,4.0,170.0,0.0,0.0
8475809,2022,Scott Wedgewood,DAL,G,4on5,16,5050.0,11.54,11.0,135.0,7.28,6.0,15.07,21.0,73.36,78.0,0.32,0.0,43.76,38.0,22.72,26.0,10.72,51.0,37.0,15.0,1.67,4.35,5.52,2.0,4.0,5.0,32.0,0.0,0.0
8475809,2022,Scott Wedgewood,DAL,G,5on4,16,3990.0,1.64,0.0,23.0,0.89,1.0,2.08,3.0,13.2,19.0,1.98,2.0,4.88,4.0,8.97,11.0,1.56,13.0,2.0,4.0,0.36,0.28,1.0,0.0,0.0,0.0,4.0,0.0,0.0
8476234,2022,Keith Kinkaid,BOS,G,other,1,120.0,0.0,0.0,0.0,0.0,0.0,0.0,0.0,0.0,0.0,0.05,0.0,0.0,0.0,0.0,0.0,0.0,0.0,0.0,0.0,0.0,0.0,0.0,0.0,0.0,0.0,0.0,0.0,0.0
8476234,2022,Keith Kinkaid,BOS,G,all,1,3594.0,3.2,1.0,55.0,2.29,3.0,7.07,9.0,31.56,31.0,0.98,0.0,17.47,13.0,11.95,17.0,2.73,32.0,7.0,4.0,1.01,0.87,1.33,0.0,0.0,1.0,12.0,0.0,0.0
8476234,2022,Keith Kinkaid,BOS,G,5on5,1,2817.0,2.46,0.0,46.0,1.85,3.0,6.01,7.0,26.27,26.0,0.73,0.0,14.84,12.0,10.0,14.0,1.99,28.0,5.0,3.0,0.83,0.6,1.03,0.0,0.0,0.0,10.0,0.0,0.0
8476234,2022,Keith Kinkaid,BOS,G,4on5,1,360.0,0.41,0.0,6.0,0.34,0.0,0.84,2.0,3.62,3.0,0.06,0.0,2.25,1.0,1.03,2.0,0.41,3.0,2.0,0.0,0.15,0.26,0.0,0.0,0.0,0.0,1.0,0.0,0.0
8476234,2022,Keith Kinkaid,BOS,G,5on4,1,297.0,0.33,1.0,3.0,0.1,0.0,0.21,0.0,1.68,2.0,0.15,0.0,0.38,0.0,0.92,1.0,0.33,1.0,0.0,1.0,0.03,0.0,0.3,0.0,0.0,1.0,1.0,0.0,0.0
8480045,2022,Ukko-Pekka Luukkonen,BUF,G,other,21,1789.0,6.98,6.0,75.0,3.78,4.0,8.49,5.0,46.82,50.0,1.23,7.0,29.01,27.0,14.17,21.0,5.96,38.0,19.0,7.0,1.46,2.36,3.16,2.0,1.0,3.0,11.0,0.0,0.0
8480045,2022,Ukko-Pekka Luukkonen,BUF,G,all,21,76297.0,73.5,70.0,1159.0,47.72,61.0,151.05,174.0,673.29,692.0,21.52,28.0,372.31,278.0,259.32,322.0,69.94,631.0,216.0,79.0,19.83,26.45,27.21,21.0,27.0,22.0,233.0,0.0,0.0
8480045,2022,Ukko-Pekka Luukkonen,BUF,G,5on5,21,63235.0,48.65,48.0,907.0,34.63,46.0,120.69,148.0,513.81,532.0,16.84,18.0,281.09,194.0,207.9,256.0,47.03,497.0,167.0,46.0,15.62,20.52,12.51,18.0,23.0,7.0,197.0,0.0,0.0
8480045,2022,Ukko-Pekka Luukkonen,BUF,G,4on5,21,4793.0,16.15,15.0,162.0,8.59,11.0,20.58,19.0,101.42,99.0,0.35,0.0,58.93,55.0,30.57,36.0,15.23,91.0,23.0,24.0,2.61,2.61,10.94,1.0,2.0,12.0,24.0,0.0,0.0
8480045,2022,Ukko-Pekka Luukkonen,BUF,G,5on4,21,6480.0,1.72,1.0,15.0,0.72,0.0,1.29,2.0,11.24,11.0,3.07,3.0,3.28,2.0,6.68,9.0,1.71,5.0,7.0,2.0,0.14,0.97,0.61,0.0,1.0,0.0,1.0,0.0,0.0
8480843,2022,Lukas Dostal,ANA,G,other,7,818.0,0.85,2.0,16.0,0.69,0.0,1.95,3.0,10.2,13.0,0.15,0.0,6.09,5.0,4.11,4.0,0.84,10.0,4.0,0.0,0.43,0.42,0.0,1.0,1.0,0.0,2.0,0.0,0.0
8480843,2022,Lukas Dostal,ANA,G,all,7,23436.0,24.01,23.0,466.0,19.09,15.0,58.52,64.0,265.24,254.0,5.3,8.0,151.09,142.0,104.86,113.0,23.2,266.0,77.0,23.0,7.39,9.56,7.05,9.0,5.0,9.0,100.0,0.0,0.0
8480843,2022,Lukas Dostal,ANA,G,5on5,7,17952.0,15.95,15.0,339.0,12.5,10.0,43.49,46.0,188.76,178.0,4.36,6.0,105.77,102.0,77.38,79.0,15.57,199.0,48.0,14.0,5.58,6.17,4.2,6.0,3.0,6.0,78.0,0.0,0.0
8480843,2022,Lukas Dostal,ANA,G,4on5,7,2935.0,6.76,6.0,103.0,5.66,5.0,12.37,15.0,61.37,56.0,0.1,0.0,37.48,32.0,19.7,26.0,6.35,52.0,24.0,8.0,1.23,2.89,2.64,2.0,1.0,3.0,19.0,0.0,0.0
8480843,2022,Lukas Dostal,ANA,G,5on4,7,1731.0,0.45,0.0,8.0,0.24,0.0,0.71,0.0,4.9,7.0,0.69,2.0,1.74,3.0,3.67,4.0,0.45,5.0,1.0,1.0,0.15,0.08,0.21,0.0,0.0,0.0,1.0,0.0,0.0
8474889,2022,Martin Jones,SEA,G,other,36,2805.0,11.19,8.0,91.0,4.04,7.0,8.88,10.0,51.94,43.0,0.81,0.0,30.31,27.0,13.92,16.0,8.68,34.0,20.0,16.0,1.29,2.58,7.31,0.0,3.0,5.0,21.0,0.0,0.0
8474889,2022,Martin Jones,SEA,G,all,36,123555.0,100.39,98.0,1854.0,70.75,80.0,223.74,177.0,983.32,922.0,34.42,37.0,544.67,478.0,388.63,496.0,94.47,965.0,290.0,106.0,29.12,36.54,34.73,24.0,43.0,31.0,493.0,0.0,0.0
8474889,2022,Martin Jones,SEA,G,5on5,36,101855.0,66.41,64.0,1458.0,51.92,57.0,180.47,137.0,759.81,715.0,28.44,30.0,420.24,370.0,309.67,402.0,64.23,771.0,226.0,57.0,23.37,28.49,14.55,20.0,31.0,13.0,404.0,0.0,0.0
8474889,2022,Martin Jones,SEA,G,4on5,36,9155.0,19.56,22.0,258.0,13.11,15.0,30.22,26.0,141.29,133.0,0.59,0.0,84.33,72.0,43.85,56.0,18.43,131.0,37.0,28.0,3.58,4.6,11.39,3.0,8.0,11.0,62.0,0.0,0.0
8474889,2022,Martin Jones,SEA,G,5on4,36,9740.0,3.2,3.0,46.0,1.66,1.0,4.01,4.0,29.59,30.0,4.56,7.0,9.45,9.0,20.79,22.0,3.11,28.0,7.0,5.0,0.86,0.86,1.48,0.0,1.0,2.0,6.0,0.0,0.0
8478433,2022,Felix Sandstrom,PHI,G,other,10,517.0,0.37,1.0,10.0,0.39,0.0,1.38,0.0,6.37,6.0,0.17,0.0,3.84,4.0,2.82,3.0,0.37,9.0,0.0,0.0,0.37,0.0,0.0,1.0,0.0,0.0,1.0,0.0,0.0
8478433,2022,Felix Sandstrom,PHI,G,all,10,33350.0,27.3,32.0,553.0,21.04,25.0,68.7,63.0,293.22,280.0,8.67,9.0,162.46,134.0,115.98,139.0,26.48,295.0,83.0,27.0,8.84,10.01,8.46,13.0,10.0,9.0,148.0,0.0,0.0
8478433,2022,Felix Sandstrom,PHI,G,5on5,10,26852.0,17.77,22.0,433.0,14.53,12.0,53.01,51.0,217.88,208.0,7.04,6.0,123.07,108.0,89.56,101.0,17.43,228.0,63.0,14.0,6.73,7.56,3.48,11.0,8.0,3.0,128.0,0.0,0.0
8478433,2022,Felix Sandstrom,PHI,G,4on5,10,2903.0,7.49,7.0,94.0,5.5,12.0,12.76,10.0,57.95,53.0,0.25,0.0,32.45,20.0,16.91,28.0,7.02,52.0,16.0,9.0,1.52,1.99,3.98,1.0,2.0,4.0,17.0,0.0,0.0
8478433,2022,Felix Sandstrom,PHI,G,5on4,10,3078.0,1.68,2.0,16.0,0.63,1.0,1.55,2.0,11.02,13.0,1.21,3.0,3.11,2.0,6.69,7.0,1.66,6.0,4.0,4.0,0.22,0.46,1.0,0.0,0.0,2.0,2.0,0.0,0.0
8478406,2022,Mackenzie Blackwood,NJD,G,other,14,1413.0,4.31,4.0,46.0,1.99,3.0,4.23,0.0,23.75,20.0,0.38,4.0,14.28,14.0,7.34,12.0,4.04,16.0,12.0,5.0,0.73,1.57,2.02,1.0,2.0,1.0,13.0,0.0,0.0
8478406,2022,Mackenzie Blackwood,NJD,G,all,14,43692.0,41.15,39.0,736.0,27.41,47.0,90.93,81.0,382.29,367.0,14.21,17.0,211.9,194.0,149.32,157.0,39.11,373.0,111.0,50.0,11.81,13.73,15.61,16.0,12.0,11.0,202.0,2.0,1.0
8478406,2022,Mackenzie Blackwood,NJD,G,5on5,14,35922.0,27.57,26.0,576.0,19.72,36.0,74.42,68.0,295.64,286.0,11.64,13.0,162.91,146.0,119.02,123.0,26.59,305.0,79.0,30.0,9.34,9.53,8.7,13.0,6.0,7.0,162.0,2.0,1.0
8478406,2022,Mackenzie Blackwood,NJD,G,4on5,14,3360.0,7.83,7.0,97.0,5.02,8.0,10.41,11.0,51.19,49.0,0.2,0.0,30.65,32.0,15.39,12.0,7.05,42.0,17.0,12.0,1.49,2.17,4.18,2.0,2.0,3.0,26.0,0.0,0.0
8478406,2022,Mackenzie Blackwood,NJD,G,5on4,14,2997.0,1.43,2.0,17.0,0.67,0.0,1.86,2.0,11.71,12.0,1.98,0.0,4.06,2.0,7.57,10.0,1.43,10.0,3.0,3.0,0.25,0.46,0.72,0.0,2.0,0.0,1.0,0.0,0.0
8477465,2022,Tristan Jarry,PIT,G,other,27,2547.0,5.61,6.0,80.0,3.79,5.0,10.02,7.0,49.82,47.0,1.13,0.0,29.8,26.0,17.21,24.0,5.24,36.0,29.0,3.0,1.41,3.36,0.84,0.0,5.0,1.0,12.0,0.0,0.0
8477465,2022,Tristan Jarry,PIT,G,all,27,95016.0,73.16,70.0,1566.0,59.35,79.0,201.3,170.0,850.09,886.0,29.78,23.0,472.66,405.0,343.97,437.0,70.06,884.0,232.0,63.0,24.78,27.85,20.54,18.0,30.0,22.0,387.0,2.0,1.0
8477465,2022,Tristan Jarry,PIT,G,5on5,27,75674.0,53.79,48.0,1227.0,42.49,58.0,161.59,131.0,656.33,686.0,23.09,20.0,360.77,319.0,271.1,343.0,51.51,695.0,172.0,45.0,19.95,20.6,13.25,16.0,21.0,11.0,315.0,2.0,1.0
8477465,2022,Tristan Jarry,PIT,G,4on5,27,8068.0,10.92,12.0,224.0,11.56,14.0,26.44,28.0,118.81,124.0,0.79,1.0,74.12,55.0,39.02,53.0,10.53,133.0,21.0,12.0,2.72,2.52,5.68,2.0,1.0,9.0,58.0,0.0,0.0
8477465,2022,Tristan Jarry,PIT,G,5on4,27,8727.0,2.69,3.0,33.0,1.44,2.0,3.13,4.0,24.25,28.0,4.78,2.0,7.7,5.0,16.3,17.0,2.65,20.0,9.0,3.0,0.7,1.23,0.76,0.0,2.0,1.0,1.0,0.0,0.0
8471306,2022,Thomas Greiss,STL,G,other,15,816.0,2.33,3.0,27.0,1.69,2.0,3.41,3.0,17.4,17.0,0.31,0.0,9.26,9.0,4.7,5.0,2.19,16.0,3.0,3.0,0.64,0.51,1.18,1.0,0.0,2.0,5.0,0.0,0.0
8471306,2022,Thomas Greiss,STL,G,all,15,49244.0,44.63,45.0,850.0,32.96,44.0,112.44,98.0,479.51,482.0,12.68,20.0,260.31,209.0,195.5,256.0,42.67,481.0,136.0,45.0,14.61,16.59,13.43,15.0,16.0,14.0,188.0,0.0,0.0
8471306,2022,Thomas Greiss,STL,G,5on5,15,40983.0,34.94,35.0,725.0,26.56,38.0,97.45,82.0,402.44,406.0,9.73,18.0,217.57,171.0,165.86,222.0,33.62,408.0,112.0,36.0,11.91,13.62,9.4,11.0,15.0,9.0,169.0,0.0,0.0
8471306,2022,Thomas Greiss,STL,G,4on5,15,3176.0,6.26,5.0,82.0,4.2,4.0,10.01,13.0,47.97,46.0,0.43,1.0,29.83,27.0,16.14,17.0,5.75,47.0,16.0,5.0,1.75,1.9,2.61,1.0,1.0,3.0,14.0,0.0,0.0
8471306,2022,Thomas Greiss,STL,G,5on4,15,4269.0,1.1,2.0,16.0,0.51,0.0,1.58,0.0,11.7,13.0,2.2,1.0,3.65,2.0,8.79,12.0,1.1,10.0,5.0,1.0,0.31,0.56,0.23,2.0,0.0,0.0,0.0,0.0,0.0
8476899,2022,Matt Murray,TOR,G,other,19,1994.0,5.61,4.0,66.0,2.89,8.0,7.19,7.0,35.05,40.0,0.33,1.0,20.78,18.0,9.25,9.0,4.71,27.0,10.0,10.0,1.06,1.28,3.27,1.0,1.0,2.0,19.0,0.0,0.0
8476899,2022,Matt Murray,TOR,G,all,19,65881.0,54.82,50.0,1076.0,39.86,53.0,129.43,119.0,559.44,561.0,16.99,18.0,307.43,261.0,216.84,267.0,51.98,530.0,183.0,54.0,15.14,22.81,16.86,17.0,18.0,15.0,309.0,0.0,0.0
8476899,2022,Matt Murray,TOR,G,5on5,19,51984.0,34.83,34.0,819.0,27.88,34.0,100.24,87.0,411.74,402.0,13.18,14.0,225.15,194.0,165.28,204.0,33.68,414.0,125.0,28.0,11.38,15.7,7.74,14.0,14.0,6.0,252.0,0.0,0.0
8476899,2022,Matt Murray,TOR,G,4on5,19,5816.0,10.84,11.0,155.0,7.58,7.0,18.11,22.0,87.62,94.0,0.65,2.0,54.08,41.0,27.55,38.0,10.22,72.0,38.0,11.0,2.13,4.36,4.35,2.0,3.0,6.0,34.0,0.0,0.0
8476899,2022,Matt Murray,TOR,G,5on4,19,6087.0,3.54,1.0,36.0,1.51,4.0,3.89,3.0,25.03,25.0,2.83,1.0,7.42,8.0,14.76,16.0,3.37,17.0,10.0,5.0,0.57,1.47,1.5,0.0,0.0,1.0,4.0,0.0,0.0
8483530,2022,Jaxson Stauber,CHI,G,other,2,346.0,0.93,0.0,13.0,0.54,0.0,1.22,0.0,6.32,6.0,0.03,1.0,4.3,5.0,1.75,4.0,0.9,4.0,3.0,2.0,0.1,0.36,0.46,0.0,0.0,0.0,4.0,0.0,0.0
8483530,2022,Jaxson Stauber,CHI,G,all,2,7200.0,6.22,4.0,126.0,4.63,6.0,15.6,13.0,65.72,67.0,1.53,6.0,38.42,28.0,25.81,39.0,6.05,65.0,22.0,6.0,1.83,2.73,1.67,2.0,1.0,1.0,33.0,0.0,0.0
8483530,2022,Jaxson Stauber,CHI,G,5on5,2,5882.0,4.71,3.0,106.0,3.8,6.0,13.76,12.0,55.75,57.0,1.33,5.0,31.89,22.0,22.92,33.0,4.58,60.0,16.0,3.0,1.67,2.04,1.0,1.0,1.0,1.0,27.0,0.0,0.0
8483530,2022,Jaxson Stauber,CHI,G,4on5,2,612.0,0.58,1.0,7.0,0.29,0.0,0.63,1.0,3.65,4.0,0.04,0.0,2.24,1.0,1.14,2.0,0.57,1.0,3.0,1.0,0.05,0.32,0.2,1.0,0.0,0.0,2.0,0.0,0.0
8483530,2022,Jaxson Stauber,CHI,G,5on4,2,360.0,0.0,0.0,0.0,0.0,0.0,0.0,0.0,0.0,0.0,0.13,0.0,0.0,0.0,0.0,0.0,0.0,0.0,0.0,0.0,0.0,0.0,0.0,0.0,0.0,0.0,0.0,0.0,0.0
8476434,2022,John Gibson,ANA,G,other,35,2832.0,9.5,4.0,113.0,5.65,8.0,13.18,11.0,69.3,65.0,1.2,1.0,37.02,40.0,23.29,26.0,8.58,51.0,32.0,8.0,1.95,4.46,3.09,0.0,1.0,3.0,22.0,2.0,1.0
8476434,2022,John Gibson,ANA,G,all,35,116539.0,121.38,126.0,2157.0,87.7,126.0,273.36,240.0,1204.46,1257.0,29.92,21.0,669.83,555.0,474.35,579.0,115.09,1181.0,356.0,130.0,36.38,43.87,41.12,32.0,58.0,36.0,490.0,10.0,5.0
8476434,2022,John Gibson,ANA,G,5on5,35,96872.0,87.93,90.0,1744.0,66.93,103.0,226.89,198.0,961.62,1016.0,23.69,18.0,534.44,429.0,391.51,488.0,83.82,977.0,271.0,92.0,30.25,33.25,24.42,30.0,43.0,17.0,404.0,8.0,4.0
8476434,2022,John Gibson,ANA,G,4on5,35,8734.0,21.5,28.0,271.0,14.0,14.0,30.56,28.0,154.01,158.0,0.54,1.0,92.02,83.0,47.77,52.0,20.24,141.0,42.0,28.0,3.84,4.76,12.9,2.0,11.0,15.0,60.0,0.0,0.0
8476434,2022,John Gibson,ANA,G,5on4,35,8101.0,2.07,3.0,24.0,0.91,1.0,2.05,2.0,15.72,15.0,4.44,1.0,4.54,3.0,9.96,11.0,2.07,9.0,9.0,2.0,0.21,1.16,0.7,0.0,2.0,1.0,4.0,0.0,0.0
8476412,2022,Jordan Binnington,STL,G,other,39,2542.0,7.96,6.0,85.0,3.87,5.0,8.77,7.0,49.89,49.0,0.38,0.0,29.45,29.0,16.25,20.0,7.02,32.0,27.0,9.0,1.27,3.45,3.24,1.0,2.0,3.0,17.0,0.0,0.0
8476412,2022,Jordan Binnington,STL,G,all,39,134269.0,112.6,122.0,2120.0,83.11,113.0,263.21,214.0,1158.13,1130.0,32.98,38.0,641.28,554.0,462.67,568.0,107.33,1123.0,372.0,106.0,33.55,45.05,34.0,35.0,53.0,34.0,519.0,0.0,0.0
8476412,2022,Jordan Binnington,STL,G,5on5,39,113190.0,83.33,89.0,1713.0,63.07,89.0,217.6,179.0,919.51,897.0,27.44,32.0,504.84,431.0,373.84,460.0,80.16,920.0,280.0,73.0,28.1,34.04,21.2,31.0,42.0,16.0,440.0,0.0,0.0
8476412,2022,Jordan Binnington,STL,G,4on5,39,8548.0,16.86,22.0,261.0,13.94,17.0,30.97,23.0,149.49,144.0,0.65,0.0,93.51,83.0,47.81,59.0,15.8,141.0,49.0,18.0,3.21,5.51,8.14,3.0,8.0,11.0,53.0,0.0,0.0
8476412,2022,Jordan Binnington,STL,G,5on4,39,9989.0,3.26,4.0,47.0,1.71,2.0,4.29,4.0,30.96,33.0,4.08,6.0,9.72,8.0,21.1,23.0,3.17,27.0,9.0,5.0,0.84,1.2,1.22,0.0,1.0,3.0,6.0,0.0,0.0
8480199,2022,Eetu Makiniemi,SJS,G,other,2,276.0,0.38,0.0,8.0,0.29,0.0,0.81,3.0,4.8,6.0,0.05,0.0,3.12,3.0,2.24,1.0,0.36,6.0,1.0,0.0,0.27,0.11,0.0,0.0,0.0,0.0,1.0,0.0,0.0
8480199,2022,Eetu Makiniemi,SJS,G,all,2,5060.0,3.43,3.0,66.0,1.99,1.0,6.79,6.0,32.68,32.0,1.54,3.0,18.51,17.0,14.23,18.0,3.33,37.0,5.0,4.0,1.37,0.53,1.52,2.0,0.0,1.0,20.0,0.0,0.0
8480199,2022,Eetu Makiniemi,SJS,G,5on5,2,3986.0,1.44,1.0,42.0,1.12,1.0,4.43,3.0,18.77,19.0,1.15,1.0,11.16,11.0,8.24,10.0,1.35,24.0,1.0,2.0,0.77,0.12,0.55,1.0,0.0,0.0,15.0,0.0,0.0
8480199,2022,Eetu Makiniemi,SJS,G,4on5,2,346.0,0.98,1.0,9.0,0.3,0.0,0.75,0.0,4.29,3.0,0.0,0.0,2.39,1.0,1.45,4.0,0.98,3.0,2.0,1.0,0.16,0.18,0.65,0.0,0.0,1.0,3.0,0.0,0.0
8480199,2022,Eetu Makiniemi,SJS,G,5on4,2,452.0,0.12,0.0,2.0,0.06,0.0,0.09,0.0,0.82,1.0,0.21,2.0,0.24,0.0,0.47,1.0,0.12,0.0,1.0,0.0,0.0,0.12,0.0,0.0,0.0,0.0,1.0,0.0,0.0
8476914,2022,Joonas Korpisalo,CBJ,G,other,23,2632.0,6.57,7.0,83.0,3.9,3.0,10.02,16.0,52.27,49.0,0.7,1.0,30.1,25.0,17.63,18.0,6.16,46.0,16.0,8.0,1.66,2.15,2.76,2.0,2.0,3.0,13.0,0.0,0.0
8476914,2022,Joonas Korpisalo,CBJ,G,all,23,75298.0,73.12,70.0,1345.0,51.98,71.0,167.23,209.0,736.98,747.0,18.54,20.0,402.55,310.0,287.06,321.0,69.79,707.0,218.0,81.0,19.95,26.7,26.47,23.0,23.0,24.0,339.0,0.0,0.0
8476914,2022,Joonas Korpisalo,CBJ,G,5on5,23,61789.0,51.71,44.0,1059.0,36.98,55.0,132.65,170.0,556.0,570.0,15.19,17.0,299.23,229.0,224.19,247.0,49.45,544.0,162.0,57.0,15.73,19.83,16.16,18.0,17.0,9.0,296.0,0.0,0.0
8476914,2022,Joonas Korpisalo,CBJ,G,4on5,23,5989.0,12.2,16.0,173.0,9.95,11.0,21.71,22.0,107.65,108.0,0.53,0.0,67.08,54.0,32.65,39.0,11.63,105.0,30.0,12.0,2.18,3.49,6.54,2.0,4.0,10.0,26.0,0.0,0.0
8476914,2022,Joonas Korpisalo,CBJ,G,5on4,23,4888.0,2.46,2.0,26.0,1.01,2.0,2.43,1.0,18.85,19.0,2.03,2.0,5.2,2.0,11.31,15.0,2.37,10.0,9.0,4.0,0.3,1.13,1.02,0.0,0.0,2.0,3.0,0.0,0.0
8475831,2022,Philipp Grubauer,SEA,G,other,17,806.0,2.99,3.0,22.0,1.22,3.0,2.53,2.0,14.5,15.0,0.06,0.0,8.2,8.0,3.56,2.0,2.75,9.0,5.0,5.0,0.36,0.58,2.05,0.0,1.0,2.0,3.0,0.0,0.0
8475831,2022,Philipp Grubauer,SEA,G,all,17,53387.0,47.9,45.0,804.0,32.16,54.0,100.79,88.0,437.02,436.0,14.76,8.0,241.09,191.0,167.28,213.0,45.81,408.0,141.0,55.0,10.77,17.3,19.83,10.0,18.0,17.0,200.0,0.0,0.0
8475831,2022,Philipp Grubauer,SEA,G,5on5,17,44433.0,33.07,26.0,640.0,23.77,45.0,81.69,70.0,340.42,333.0,12.93,6.0,184.15,149.0,134.84,168.0,31.62,318.0,117.0,34.0,8.95,14.6,9.51,7.0,15.0,4.0,171.0,0.0,0.0
8475831,2022,Philipp Grubauer,SEA,G,4on5,17,4522.0,11.09,15.0,131.0,6.73,6.0,15.28,15.0,75.39,82.0,0.21,0.0,46.01,32.0,24.36,37.0,10.7,75.0,16.0,15.0,1.33,1.7,8.06,2.0,2.0,11.0,25.0,0.0,0.0
8475831,2022,Philipp Grubauer,SEA,G,5on4,17,3626.0,0.44,1.0,9.0,0.33,0.0,1.01,1.0,5.03,5.0,1.51,2.0,2.2,2.0,3.79,4.0,0.44,6.0,1.0,1.0,0.12,0.1,0.21,1.0,0.0,0.0,1.0,0.0,0.0
8470594,2022,Marc-Andre Fleury,MIN,G,other,32,2673.0,8.4,9.0,92.0,4.59,9.0,11.14,6.0,55.82,58.0,1.56,1.0,28.4,26.0,17.51,22.0,7.38,31.0,29.0,12.0,1.31,3.71,3.39,1.0,5.0,3.0,20.0,0.0,0.0
8470594,2022,Marc-Andre Fleury,MIN,G,all,32,110013.0,90.82,88.0,1733.0,63.97,77.0,208.89,163.0,916.64,929.0,30.27,25.0,512.27,427.0,361.46,470.0,85.44,895.0,282.0,91.0,26.05,33.94,30.84,28.0,38.0,22.0,465.0,0.0,0.0
8470594,2022,Marc-Andre Fleury,MIN,G,5on5,32,87714.0,57.6,58.0,1324.0,45.25,55.0,164.68,128.0,692.27,698.0,22.35,19.0,386.11,319.0,285.24,366.0,55.54,717.0,196.0,49.0,20.68,23.37,13.55,23.0,25.0,10.0,362.0,0.0,0.0
8470594,2022,Marc-Andre Fleury,MIN,G,4on5,32,10445.0,22.56,20.0,289.0,13.1,13.0,30.69,27.0,151.07,156.0,0.77,1.0,92.46,79.0,47.22,66.0,20.27,133.0,52.0,26.0,3.62,6.23,12.7,3.0,8.0,9.0,78.0,0.0,0.0
8470594,2022,Marc-Andre Fleury,MIN,G,5on4,32,9181.0,2.27,1.0,27.0,1.03,0.0,2.38,2.0,17.48,17.0,5.51,3.0,5.29,3.0,11.49,16.0,2.25,14.0,5.0,4.0,0.44,0.62,1.2,1.0,0.0,0.0,4.0,0.0,0.0
8481033,2022,Akira Schmid,NJD,G,other,9,828.0,0.95,0.0,16.0,0.76,1.0,1.79,1.0,9.23,10.0,0.24,0.0,6.29,7.0,2.92,4.0,0.94,9.0,4.0,0.0,0.33,0.62,0.0,0.0,0.0,0.0,3.0,0.0,0.0
8481033,2022,Akira Schmid,NJD,G,all,9,27370.0,21.07,17.0,394.0,14.55,21.0,48.57,35.0,214.27,209.0,9.07,8.0,118.27,110.0,88.46,110.0,20.48,218.0,61.0,19.0,6.72,7.44,6.92,3.0,7.0,7.0,96.0,0.0,0.0
8481033,2022,Akira Schmid,NJD,G,5on5,9,22177.0,14.7,11.0,307.0,10.43,16.0,38.55,29.0,160.46,155.0,7.02,6.0,89.06,81.0,66.96,83.0,14.31,163.0,50.0,12.0,5.21,6.12,3.38,3.0,6.0,2.0,82.0,0.0,0.0
8481033,2022,Akira Schmid,NJD,G,4on5,9,1717.0,4.63,6.0,47.0,2.5,4.0,5.69,4.0,28.98,28.0,0.17,0.0,15.75,16.0,8.47,8.0,4.45,26.0,5.0,7.0,0.58,0.51,3.54,0.0,1.0,5.0,9.0,0.0,0.0
8481033,2022,Akira Schmid,NJD,G,5on4,9,2648.0,0.46,0.0,14.0,0.38,0.0,1.38,0.0,9.1,11.0,1.53,2.0,3.2,2.0,7.25,11.0,0.46,13.0,0.0,0.0,0.46,0.0,0.0,0.0,0.0,0.0,1.0,0.0,0.0
8479380,2022,Dylan Wells,CHI,G,other,1,81.0,0.09,0.0,2.0,0.06,0.0,0.11,0.0,0.8,0.0,0.0,0.0,0.36,0.0,0.35,1.0,0.09,0.0,1.0,0.0,0.0,0.09,0.0,0.0,0.0,0.0,1.0,0.0,0.0
8479380,2022,Dylan Wells,CHI,G,all,1,1200.0,1.57,1.0,30.0,0.97,0.0,3.02,1.0,14.1,13.0,0.3,0.0,8.5,12.0,6.42,7.0,1.54,14.0,5.0,2.0,0.53,0.53,0.5,1.0,0.0,0.0,9.0,0.0,0.0
8479380,2022,Dylan Wells,CHI,G,5on5,1,935.0,1.4,0.0,26.0,0.86,0.0,2.75,1.0,12.56,12.0,0.27,0.0,7.71,12.0,5.81,6.0,1.37,13.0,4.0,2.0,0.45,0.44,0.5,0.0,0.0,0.0,7.0,0.0,0.0
8479380,2022,Dylan Wells,CHI,G,4on5,1,145.0,0.08,1.0,2.0,0.05,0.0,0.16,0.0,0.74,1.0,0.02,0.0,0.43,0.0,0.26,0.0,0.08,1.0,0.0,0.0,0.08,0.0,0.0,1.0,0.0,0.0,1.0,0.0,0.0
8479380,2022,Dylan Wells,CHI,G,5on4,1,39.0,0.0,0.0,0.0,0.0,0.0,0.0,0.0,0.0,0.0,0.0,0.0,0.0,0.0,0.0,0.0,0.0,0.0,0.0,0.0,0.0,0.0,0.0,0.0,0.0,0.0,0.0,0.0,0.0
8479394,2022,Carter Hart,PHI,G,other,38,4018.0,9.94,11.0,145.0,5.44,9.0,15.59,15.0,76.93,74.0,0.9,2.0,44.36,38.0,26.07,27.0,9.15,65.0,28.0,11.0,2.37,3.45,4.12,3.0,5.0,3.0,41.0,0.0,0.0
8479394,2022,Carter Hart,PHI,G,all,38,130863.0,119.82,104.0,2331.0,86.0,116.0,280.52,276.0,1211.19,1173.0,34.53,36.0,656.84,551.0,477.82,575.0,114.22,1166.0,367.0,128.0,33.87,45.6,40.35,28.0,44.0,32.0,670.0,0.0,0.0
8479394,2022,Carter Hart,PHI,G,5on5,38,106444.0,86.82,70.0,1831.0,63.98,88.0,226.12,236.0,942.96,927.0,28.76,28.0,507.24,411.0,382.0,467.0,83.19,917.0,292.0,88.0,26.57,36.22,24.03,21.0,32.0,17.0,534.0,0.0,0.0
8479394,2022,Carter Hart,PHI,G,4on5,38,10384.0,19.51,20.0,304.0,14.83,16.0,33.59,25.0,158.29,133.0,1.11,1.0,94.46,95.0,48.3,52.0,18.48,152.0,39.0,25.0,3.85,4.69,10.96,3.0,5.0,12.0,88.0,0.0,0.0
8479394,2022,Carter Hart,PHI,G,5on4,38,10017.0,2.77,1.0,44.0,1.38,2.0,4.14,0.0,27.32,32.0,3.64,5.0,8.59,6.0,19.15,27.0,2.62,28.0,5.0,4.0,0.81,0.72,1.24,1.0,0.0,0.0,7.0,0.0,0.0
8477361,2022,Cal Petersen,LAK,G,other,10,1502.0,3.81,5.0,44.0,1.99,0.0,4.25,4.0,25.45,22.0,0.37,1.0,14.78,13.0,8.38,11.0,3.71,15.0,16.0,3.0,0.75,1.87,1.19,3.0,0.0,2.0,10.0,0.0,0.0
8477361,2022,Cal Petersen,LAK,G,all,10,32608.0,24.75,34.0,509.0,17.67,16.0,57.83,53.0,259.62,257.0,9.34,10.0,147.88,127.0,103.63,121.0,24.1,254.0,90.0,16.0,8.03,10.75,5.97,16.0,7.0,11.0,149.0,0.0,0.0
8477361,2022,Cal Petersen,LAK,G,5on5,10,26243.0,15.75,19.0,394.0,12.95,12.0,46.53,45.0,197.46,197.0,7.02,8.0,111.42,97.0,81.13,93.0,15.33,208.0,57.0,9.0,6.28,7.02,2.45,9.0,5.0,5.0,120.0,0.0,0.0
8477361,2022,Cal Petersen,LAK,G,4on5,10,2195.0,4.85,10.0,62.0,2.55,4.0,6.29,4.0,31.49,32.0,0.13,0.0,20.08,13.0,10.14,14.0,4.72,26.0,15.0,4.0,0.87,1.64,2.33,4.0,2.0,4.0,17.0,0.0,0.0
8477361,2022,Cal Petersen,LAK,G,5on4,10,2668.0,0.34,0.0,9.0,0.19,0.0,0.76,0.0,5.21,6.0,1.82,1.0,1.59,4.0,3.99,3.0,0.34,5.0,2.0,0.0,0.12,0.22,0.0,0.0,0.0,0.0,2.0,0.0,0.0
8475883,2022,Frederik Andersen,CAR,G,other,15,1361.0,2.74,2.0,32.0,1.66,3.0,4.2,3.0,19.66,20.0,0.61,1.0,11.01,7.0,5.72,9.0,2.18,17.0,5.0,4.0,0.65,0.53,1.57,0.0,2.0,0.0,6.0,0.0,0.0
8475883,2022,Frederik Andersen,CAR,G,all,15,52170.0,33.94,36.0,648.0,25.35,38.0,83.2,71.0,365.5,373.0,19.33,22.0,198.76,148.0,148.73,200.0,32.33,373.0,93.0,36.0,10.47,11.21,12.25,12.0,16.0,8.0,146.0,0.0,0.0
8475883,2022,Frederik Andersen,CAR,G,5on5,15,41394.0,23.5,24.0,517.0,18.69,27.0,67.19,63.0,285.18,287.0,14.53,15.0,154.86,119.0,119.39,154.0,22.6,300.0,70.0,23.0,8.57,8.46,6.47,12.0,9.0,3.0,124.0,0.0,0.0
8475883,2022,Frederik Andersen,CAR,G,4on5,15,4475.0,6.78,9.0,84.0,4.47,7.0,10.27,4.0,50.24,54.0,0.58,0.0,29.41,20.0,16.42,28.0,6.65,45.0,16.0,8.0,0.87,1.9,4.0,0.0,4.0,5.0,15.0,0.0,0.0
8475883,2022,Frederik Andersen,CAR,G,5on4,15,4940.0,0.84,1.0,13.0,0.48,1.0,1.41,1.0,9.69,11.0,3.44,6.0,3.15,2.0,6.82,8.0,0.81,10.0,2.0,1.0,0.31,0.32,0.21,0.0,1.0,0.0,0.0,0.0,0.0
8473575,2022,Semyon Varlamov,NYI,G,other,17,1522.0,3.42,4.0,62.0,2.54,2.0,5.32,5.0,28.43,28.0,0.27,0.0,18.14,14.0,8.56,13.0,3.25,22.0,14.0,3.0,0.93,1.8,0.68,1.0,2.0,1.0,23.0,0.0,0.0
8473575,2022,Semyon Varlamov,NYI,G,all,17,60270.0,48.82,43.0,1037.0,38.83,53.0,130.15,99.0,548.91,535.0,16.85,15.0,307.68,252.0,219.84,298.0,46.79,568.0,154.0,42.0,17.49,19.36,11.97,15.0,19.0,9.0,273.0,0.0,0.0
8473575,2022,Semyon Varlamov,NYI,G,5on5,17,48724.0,35.63,29.0,814.0,28.88,41.0,107.25,83.0,435.74,417.0,13.57,12.0,241.04,201.0,178.43,236.0,34.43,467.0,112.0,27.0,14.13,14.29,7.21,12.0,12.0,5.0,208.0,0.0,0.0
8473575,2022,Semyon Varlamov,NYI,G,4on5,17,4783.0,8.97,9.0,137.0,6.73,10.0,15.43,11.0,72.55,73.0,0.31,0.0,43.4,34.0,23.05,34.0,8.38,62.0,27.0,11.0,1.95,3.16,3.86,1.0,5.0,3.0,37.0,0.0,0.0
8473575,2022,Semyon Varlamov,NYI,G,5on4,17,5241.0,0.8,1.0,24.0,0.68,0.0,2.14,0.0,12.19,17.0,2.71,3.0,5.09,3.0,9.79,15.0,0.73,17.0,1.0,1.0,0.48,0.1,0.21,1.0,0.0,0.0,5.0,0.0,0.0
8479292,2022,Charlie Lindgren,WSH,G,other,23,2147.0,2.82,4.0,47.0,1.72,1.0,5.06,2.0,27.05,30.0,0.8,1.0,13.94,12.0,11.69,17.0,2.78,25.0,9.0,2.0,0.99,1.08,0.75,0.0,2.0,2.0,11.0,0.0,0.0
8479292,2022,Charlie Lindgren,WSH,G,all,23,75447.0,57.1,56.0,1149.0,41.32,38.0,138.9,149.0,609.0,605.0,22.89,20.0,334.79,264.0,249.15,316.0,55.2,592.0,194.0,55.0,17.46,22.94,16.72,23.0,17.0,16.0,308.0,0.0,0.0
8479292,2022,Charlie Lindgren,WSH,G,5on5,23,61960.0,41.49,43.0,933.0,32.16,30.0,115.51,127.0,486.53,482.0,18.3,13.0,269.23,202.0,198.7,256.0,40.44,488.0,149.0,36.0,14.24,17.73,9.52,21.0,15.0,7.0,260.0,0.0,0.0
8479292,2022,Charlie Lindgren,WSH,G,4on5,23,4634.0,10.22,8.0,136.0,6.32,7.0,15.2,16.0,73.18,72.0,0.47,0.0,44.76,41.0,24.05,28.0,9.41,60.0,30.0,13.0,1.51,3.4,5.32,2.0,0.0,6.0,33.0,0.0,0.0
8479292,2022,Charlie Lindgren,WSH,G,5on4,23,6706.0,2.38,1.0,29.0,1.03,0.0,2.89,3.0,20.75,20.0,3.24,6.0,6.2,8.0,13.95,15.0,2.38,18.0,5.0,4.0,0.64,0.61,1.12,0.0,0.0,1.0,2.0,0.0,0.0
8476932,2022,Anthony Stolarz,ANA,G,other,19,1129.0,1.65,1.0,33.0,0.98,1.0,2.84,2.0,14.38,13.0,0.74,0.0,6.62,5.0,6.45,10.0,1.59,11.0,7.0,1.0,0.33,1.02,0.3,1.0,0.0,0.0,14.0,0.0,0.0
8476932,2022,Anthony Stolarz,ANA,G,all,19,49203.0,51.39,51.0,865.0,36.22,72.0,111.72,76.0,496.1,495.0,14.01,9.0,273.74,206.0,196.3,264.0,48.73,475.0,158.0,53.0,15.65,19.8,15.95,24.0,14.0,13.0,179.0,0.0,0.0
8476932,2022,Anthony Stolarz,ANA,G,5on5,19,39395.0,37.51,38.0,690.0,27.59,54.0,91.19,66.0,392.24,394.0,10.23,8.0,218.36,160.0,158.14,214.0,35.72,390.0,118.0,38.0,12.81,14.4,10.3,17.0,13.0,8.0,144.0,0.0,0.0
8476932,2022,Anthony Stolarz,ANA,G,4on5,19,4105.0,11.01,11.0,127.0,7.18,17.0,16.12,8.0,78.16,77.0,0.38,0.0,45.34,39.0,23.75,28.0,10.2,62.0,33.0,11.0,2.26,4.38,4.37,6.0,1.0,4.0,21.0,0.0,0.0
8476932,2022,Anthony Stolarz,ANA,G,5on4,19,4574.0,1.22,1.0,15.0,0.49,0.0,1.57,0.0,11.32,11.0,2.66,1.0,3.42,2.0,7.96,12.0,1.22,12.0,0.0,3.0,0.24,0.0,0.98,0.0,0.0,1.0,0.0,0.0,0.0
8476341,2022,Anton Forsberg,OTT,G,other,27,3248.0,8.07,2.0,76.0,3.05,5.0,7.18,5.0,40.16,38.0,0.95,2.0,22.4,28.0,11.87,11.0,5.48,31.0,9.0,14.0,1.12,1.16,5.79,1.0,0.0,1.0,22.0,0.0,0.0
8476341,2022,Anton Forsberg,OTT,G,all,27,85026.0,84.98,74.0,1453.0,56.2,81.0,180.79,161.0,792.6,780.0,24.85,26.0,428.88,352.0,308.57,394.0,79.29,764.0,211.0,112.0,22.51,25.63,36.84,21.0,21.0,32.0,366.0,2.0,1.0
8476341,2022,Anton Forsberg,OTT,G,5on5,27,65636.0,54.43,50.0,1093.0,39.47,57.0,140.51,123.0,588.57,578.0,18.88,21.0,315.85,257.0,237.15,304.0,52.47,582.0,161.0,65.0,17.42,19.57,17.45,17.0,16.0,17.0,285.0,2.0,1.0
8476341,2022,Anton Forsberg,OTT,G,4on5,27,8585.0,19.21,19.0,241.0,11.99,17.0,28.72,28.0,135.57,132.0,0.71,2.0,80.73,59.0,41.75,60.0,18.18,127.0,31.0,29.0,3.27,3.58,12.35,3.0,3.0,13.0,54.0,0.0,0.0
8476341,2022,Anton Forsberg,OTT,G,5on4,27,7557.0,2.27,1.0,33.0,1.22,2.0,2.99,3.0,21.62,25.0,4.06,1.0,6.77,5.0,15.02,17.0,2.17,19.0,7.0,3.0,0.47,0.84,0.97,0.0,1.0,0.0,4.0,0.0,0.0
8477293,2022,Antti Raanta,CAR,G,other,19,1487.0,2.98,2.0,37.0,1.56,2.0,3.5,3.0,20.25,21.0,0.8,0.0,10.91,11.0,6.44,7.0,2.58,14.0,7.0,5.0,0.64,0.89,1.44,0.0,2.0,0.0,11.0,0.0,0.0
8477293,2022,Antti Raanta,CAR,G,all,19,67185.0,43.46,46.0,810.0,33.35,36.0,100.79,89.0,461.37,468.0,22.27,20.0,254.39,208.0,188.94,241.0,41.89,446.0,152.0,38.0,13.18,17.98,12.3,16.0,21.0,9.0,174.0,0.0,0.0
8477293,2022,Antti Raanta,CAR,G,5on5,19,52480.0,25.67,26.0,583.0,21.93,22.0,74.84,70.0,323.07,321.0,16.87,16.0,180.09,149.0,134.04,170.0,25.09,332.0,98.0,17.0,9.4,11.85,4.41,13.0,12.0,1.0,136.0,0.0,0.0
8477293,2022,Antti Raanta,CAR,G,4on5,19,6750.0,11.58,14.0,143.0,8.12,10.0,17.69,13.0,85.69,90.0,0.54,1.0,52.2,44.0,27.42,37.0,11.07,73.0,34.0,13.0,2.31,3.85,5.42,3.0,4.0,7.0,23.0,0.0,0.0
8477293,2022,Antti Raanta,CAR,G,5on4,19,6468.0,2.25,3.0,38.0,1.3,1.0,3.46,3.0,25.48,29.0,3.8,3.0,8.18,4.0,17.99,20.0,2.2,24.0,8.0,2.0,0.72,0.86,0.66,0.0,2.0,1.0,4.0,0.0,0.0
8480051,2022,Cayden Primeau,MTL,G,other,1,120.0,0.29,0.0,2.0,0.07,0.0,0.07,0.0,0.95,0.0,0.0,0.0,0.16,0.0,0.38,1.0,0.29,0.0,0.0,1.0,0.0,0.0,0.29,0.0,0.0,0.0,1.0,0.0,0.0
8480051,2022,Cayden Primeau,MTL,G,all,1,1200.0,0.79,1.0,16.0,0.82,0.0,1.71,0.0,9.2,7.0,0.28,0.0,5.0,7.0,3.44,4.0,0.79,9.0,2.0,1.0,0.2,0.3,0.29,0.0,1.0,0.0,4.0,0.0,0.0
8480051,2022,Cayden Primeau,MTL,G,5on5,1,795.0,0.46,1.0,10.0,0.41,0.0,0.96,0.0,5.27,4.0,0.26,0.0,2.84,4.0,2.17,2.0,0.46,5.0,2.0,0.0,0.16,0.3,0.0,0.0,1.0,0.0,3.0,0.0,0.0
8480051,2022,Cayden Primeau,MTL,G,4on5,1,120.0,0.04,0.0,4.0,0.34,0.0,0.67,0.0,2.97,3.0,0.02,0.0,2.0,3.0,0.88,1.0,0.04,4.0,0.0,0.0,0.04,0.0,0.0,0.0,0.0,0.0,0.0,0.0,0.0
8480051,2022,Cayden Primeau,MTL,G,5on4,1,165.0,0.0,0.0,0.0,0.0,0.0,0.0,0.0,0.0,0.0,0.0,0.0,0.0,0.0,0.0,0.0,0.0,0.0,0.0,0.0,0.0,0.0,0.0,0.0,0.0,0.0,0.0,0.0,0.0
8473503,2022,James Reimer,SJS,G,other,28,2405.0,9.05,9.0,105.0,4.9,10.0,12.04,9.0,61.31,61.0,0.95,1.0,32.7,22.0,20.93,29.0,7.67,51.0,19.0,12.0,2.29,2.32,4.44,3.0,2.0,4.0,23.0,0.0,0.0
8473503,2022,James Reimer,SJS,G,all,28,101141.0,83.45,94.0,1690.0,65.42,84.0,208.66,232.0,905.11,884.0,26.67,24.0,505.69,380.0,363.23,434.0,78.71,924.0,252.0,81.0,28.73,30.57,24.14,41.0,34.0,19.0,433.0,0.0,0.0
8473503,2022,James Reimer,SJS,G,5on5,28,83745.0,60.59,75.0,1327.0,47.69,62.0,166.58,185.0,700.2,694.0,22.34,20.0,391.33,296.0,286.41,332.0,58.41,727.0,194.0,55.0,21.8,23.38,15.4,35.0,28.0,12.0,351.0,0.0,0.0
8473503,2022,James Reimer,SJS,G,4on5,28,7297.0,11.57,8.0,219.0,11.6,11.0,25.94,33.0,116.43,102.0,0.22,0.0,72.73,57.0,37.21,51.0,10.42,117.0,34.0,12.0,3.7,4.12,3.75,3.0,3.0,2.0,56.0,0.0,0.0
8473503,2022,James Reimer,SJS,G,5on4,28,7694.0,1.64,2.0,31.0,0.9,0.0,2.99,5.0,20.93,20.0,3.11,3.0,6.49,4.0,15.41,17.0,1.64,24.0,2.0,2.0,0.79,0.3,0.55,0.0,1.0,1.0,3.0,0.0,0.0
8481519,2022,Spencer Knight,FLA,G,other,19,2478.0,6.61,6.0,58.0,2.28,6.0,5.58,7.0,30.4,34.0,0.64,1.0,17.02,11.0,7.39,10.0,6.21,15.0,14.0,11.0,0.58,1.87,4.16,0.0,3.0,3.0,18.0,0.0,0.0
8481519,2022,Spencer Knight,FLA,G,all,19,64828.0,53.57,55.0,989.0,39.03,52.0,131.03,122.0,555.59,585.0,21.25,19.0,309.85,254.0,217.94,267.0,51.16,565.0,150.0,55.0,15.99,18.14,19.44,25.0,17.0,13.0,219.0,0.0,0.0
8481519,2022,Spencer Knight,FLA,G,5on5,19,49944.0,33.32,34.0,740.0,27.65,30.0,102.14,99.0,415.25,434.0,16.24,11.0,232.75,204.0,169.27,197.0,32.3,443.0,110.0,26.0,12.69,13.19,7.45,22.0,10.0,2.0,161.0,0.0,0.0
8481519,2022,Spencer Knight,FLA,G,4on5,19,5985.0,12.15,15.0,164.0,8.31,14.0,20.76,15.0,93.39,100.0,0.56,1.0,54.19,30.0,29.56,49.0,11.17,88.0,23.0,17.0,2.33,2.61,7.21,3.0,4.0,8.0,36.0,0.0,0.0
8481519,2022,Spencer Knight,FLA,G,5on4,19,6421.0,1.3,0.0,24.0,0.7,2.0,2.28,0.0,14.98,16.0,3.74,6.0,5.26,9.0,10.93,10.0,1.29,18.0,2.0,1.0,0.34,0.33,0.63,0.0,0.0,0.0,3.0,0.0,0.0
8477831,2022,Pheonix Copley,LAK,G,other,20,2101.0,2.62,5.0,50.0,1.95,1.0,4.55,6.0,24.39,25.0,0.71,0.0,15.52,13.0,7.52,7.0,2.58,22.0,10.0,1.0,0.96,1.25,0.4,3.0,2.0,0.0,17.0,0.0,0.0
8477831,2022,Pheonix Copley,LAK,G,all,20,67767.0,54.75,55.0,1099.0,39.62,50.0,129.72,128.0,555.46,533.0,18.85,19.0,303.6,244.0,213.1,261.0,52.08,545.0,156.0,58.0,16.61,19.73,18.41,23.0,17.0,15.0,340.0,0.0,0.0
8477831,2022,Pheonix Copley,LAK,G,5on5,20,54302.0,39.71,36.0,846.0,29.11,38.0,103.38,102.0,428.55,399.0,14.64,13.0,230.25,181.0,168.61,212.0,37.8,421.0,124.0,40.0,12.59,15.91,11.2,17.0,12.0,7.0,261.0,0.0,0.0
8477831,2022,Pheonix Copley,LAK,G,4on5,20,6007.0,10.47,13.0,175.0,7.47,9.0,18.9,19.0,86.4,92.0,0.35,0.0,50.91,44.0,27.44,29.0,9.86,88.0,17.0,13.0,2.63,1.99,5.85,3.0,2.0,8.0,57.0,0.0,0.0
8477831,2022,Pheonix Copley,LAK,G,5on4,20,5357.0,0.89,0.0,15.0,0.48,0.0,1.29,0.0,8.83,12.0,2.83,5.0,3.2,5.0,6.82,8.0,0.89,10.0,1.0,2.0,0.3,0.1,0.5,0.0,0.0,0.0,2.0,0.0,0.0
8478902,2022,Erik Kallgren,TOR,G,other,10,747.0,2.33,3.0,21.0,1.05,2.0,2.14,1.0,12.36,11.0,0.26,2.0,6.48,4.0,3.6,6.0,2.05,4.0,9.0,3.0,0.17,1.21,0.95,0.0,2.0,1.0,5.0,0.0,0.0
8478902,2022,Erik Kallgren,TOR,G,all,10,33700.0,24.43,25.0,473.0,18.42,29.0,58.99,58.0,260.14,246.0,10.01,9.0,146.28,105.0,107.19,134.0,23.49,248.0,97.0,19.0,6.85,11.85,5.74,5.0,13.0,7.0,109.0,0.0,0.0
8478902,2022,Erik Kallgren,TOR,G,5on5,10,27978.0,18.41,14.0,385.0,14.65,25.0,50.84,54.0,215.95,204.0,7.87,7.0,119.66,86.0,90.34,110.0,17.82,214.0,74.0,13.0,6.06,9.01,3.33,3.0,8.0,3.0,84.0,0.0,0.0
8478902,2022,Erik Kallgren,TOR,G,4on5,10,2280.0,3.08,5.0,57.0,2.4,2.0,5.03,2.0,25.73,24.0,0.18,0.0,17.62,14.0,8.95,14.0,3.01,24.0,11.0,3.0,0.39,1.23,1.46,1.0,1.0,3.0,19.0,0.0,0.0
8478902,2022,Erik Kallgren,TOR,G,5on4,10,2695.0,0.39,1.0,6.0,0.21,0.0,0.54,0.0,3.99,4.0,1.68,0.0,1.5,1.0,3.19,4.0,0.38,4.0,2.0,0.0,0.1,0.28,0.0,0.0,1.0,0.0,0.0,0.0,0.0
8476883,2022,Andrei Vasilevskiy,TBL,G,other,37,4094.0,7.68,7.0,101.0,4.27,2.0,9.94,6.0,51.76,52.0,1.49,1.0,31.19,31.0,16.05,22.0,6.96,35.0,25.0,11.0,1.18,3.2,3.29,2.0,4.0,1.0,30.0,0.0,0.0
8476883,2022,Andrei Vasilevskiy,TBL,G,all,37,132865.0,111.93,97.0,2076.0,81.7,95.0,258.84,224.0,1132.16,1153.0,38.88,43.0,622.57,490.0,442.21,614.0,106.76,1106.0,329.0,120.0,32.2,40.78,38.95,32.0,35.0,30.0,521.0,0.0,0.0
8476883,2022,Andrei Vasilevskiy,TBL,G,5on5,37,105779.0,78.93,65.0,1594.0,59.17,74.0,206.21,193.0,870.01,894.0,30.82,35.0,473.5,363.0,348.51,476.0,76.17,865.0,252.0,78.0,26.01,31.31,21.61,24.0,25.0,16.0,399.0,0.0,0.0
8476883,2022,Andrei Vasilevskiy,TBL,G,4on5,37,11653.0,21.95,20.0,321.0,16.13,19.0,37.2,23.0,172.78,171.0,0.87,0.0,104.07,85.0,52.54,84.0,20.28,171.0,38.0,29.0,4.01,4.44,13.49,4.0,5.0,11.0,83.0,0.0,0.0
8476883,2022,Andrei Vasilevskiy,TBL,G,5on4,37,11339.0,2.99,5.0,47.0,1.69,0.0,4.1,2.0,31.3,31.0,5.59,7.0,10.33,6.0,22.0,28.0,2.98,28.0,12.0,2.0,0.84,1.6,0.56,2.0,1.0,2.0,5.0,0.0,0.0
8480193,2022,Daniil Tarasov,CBJ,G,other,13,569.0,1.35,2.0,21.0,0.89,2.0,2.0,0.0,10.48,8.0,0.31,0.0,6.24,6.0,3.18,4.0,1.3,8.0,5.0,1.0,0.34,0.59,0.41,0.0,1.0,1.0,7.0,0.0,0.0
8480193,2022,Daniil Tarasov,CBJ,G,all,13,40619.0,38.23,37.0,779.0,29.84,43.0,98.68,97.0,414.84,403.0,11.04,14.0,232.53,195.0,159.12,188.0,36.72,412.0,130.0,30.0,12.49,16.32,9.43,14.0,14.0,9.0,207.0,0.0,0.0
8480193,2022,Daniil Tarasov,CBJ,G,5on5,13,34828.0,31.29,29.0,672.0,24.98,38.0,87.68,87.0,358.01,352.0,9.11,13.0,200.12,169.0,139.28,161.0,30.1,362.0,110.0,23.0,10.92,13.96,6.41,13.0,12.0,4.0,177.0,0.0,0.0
8480193,2022,Daniil Tarasov,CBJ,G,4on5,13,2803.0,4.51,5.0,74.0,3.56,3.0,8.14,10.0,39.27,38.0,0.35,1.0,24.19,17.0,12.22,18.0,4.29,37.0,13.0,4.0,1.09,1.45,1.96,1.0,1.0,3.0,20.0,0.0,0.0
8480193,2022,Daniil Tarasov,CBJ,G,5on4,13,2419.0,1.09,1.0,12.0,0.41,0.0,0.85,0.0,7.08,5.0,1.28,0.0,1.98,3.0,4.45,5.0,1.03,5.0,2.0,2.0,0.13,0.32,0.64,0.0,0.0,1.0,3.0,0.0,0.0
8478024,2022,Ville Husso,DET,G,other,35,3937.0,5.97,8.0,110.0,6.19,4.0,12.02,8.0,60.75,63.0,1.92,2.0,41.84,42.0,17.69,24.0,5.35,61.0,19.0,6.0,2.16,2.4,1.42,4.0,3.0,1.0,24.0,0.0,0.0
8478024,2022,Ville Husso,DET,G,all,35,121283.0,97.19,102.0,1935.0,72.16,98.0,237.33,179.0,1017.17,1018.0,32.57,26.0,571.81,508.0,400.62,505.0,89.47,1060.0,250.0,103.0,30.7,30.75,35.74,44.0,33.0,25.0,522.0,0.0,0.0
8478024,2022,Ville Husso,DET,G,5on5,35,98575.0,65.54,66.0,1537.0,52.73,77.0,193.31,147.0,790.01,786.0,24.34,19.0,440.54,391.0,322.6,401.0,62.78,848.0,193.0,60.0,24.97,23.7,16.87,33.0,25.0,8.0,436.0,0.0,0.0
8478024,2022,Ville Husso,DET,G,4on5,35,8277.0,23.26,23.0,244.0,11.87,17.0,27.58,22.0,137.86,134.0,0.75,0.0,79.89,71.0,40.96,53.0,18.93,122.0,32.0,34.0,2.7,3.89,16.67,4.0,4.0,15.0,56.0,0.0,0.0
8478024,2022,Ville Husso,DET,G,5on4,35,10494.0,1.58,3.0,37.0,1.04,0.0,3.45,1.0,23.62,29.0,5.37,4.0,7.57,2.0,17.6,26.0,1.57,27.0,4.0,1.0,0.75,0.5,0.33,2.0,1.0,0.0,5.0,0.0,0.0
8479193,2022,Casey DeSmith,PIT,G,other,23,1629.0,3.57,6.0,49.0,1.9,2.0,4.54,3.0,24.44,24.0,0.79,1.0,13.17,11.0,9.01,11.0,3.36,19.0,8.0,6.0,0.67,1.09,1.82,2.0,2.0,2.0,16.0,0.0,0.0
8479193,2022,Casey DeSmith,PIT,G,all,23,79040.0,73.39,71.0,1342.0,54.06,64.0,163.55,144.0,731.6,751.0,23.41,23.0,405.77,355.0,292.23,363.0,70.36,717.0,223.0,73.0,22.54,27.46,23.39,25.0,26.0,20.0,329.0,2.0,1.0
8479193,2022,Casey DeSmith,PIT,G,5on5,23,64831.0,52.06,50.0,1055.0,39.69,46.0,131.51,114.0,565.34,574.0,19.24,20.0,313.86,277.0,230.2,287.0,50.42,570.0,169.0,47.0,17.7,20.92,13.45,19.0,19.0,12.0,269.0,2.0,1.0
8479193,2022,Casey DeSmith,PIT,G,4on5,23,6561.0,13.78,14.0,197.0,10.83,12.0,23.26,23.0,113.35,120.0,0.5,1.0,69.41,60.0,36.13,44.0,12.89,106.0,38.0,13.0,3.38,4.52,5.88,4.0,5.0,5.0,40.0,0.0,0.0
8479193,2022,Casey DeSmith,PIT,G,5on4,23,6019.0,3.05,1.0,32.0,1.19,4.0,2.95,3.0,22.26,27.0,2.65,1.0,6.63,4.0,14.45,17.0,2.81,20.0,3.0,6.0,0.71,0.34,1.99,0.0,0.0,1.0,3.0,0.0,0.0
8478971,2022,Connor Ingram,ARI,G,other,16,1174.0,5.41,4.0,50.0,2.68,3.0,6.03,6.0,31.93,36.0,0.37,0.0,18.76,19.0,10.03,10.0,4.75,21.0,16.0,7.0,0.9,2.14,2.37,0.0,3.0,1.0,6.0,0.0,0.0
8478971,2022,Connor Ingram,ARI,G,all,16,55090.0,53.27,55.0,922.0,37.2,44.0,118.2,106.0,520.73,542.0,13.28,13.0,287.2,235.0,203.39,254.0,50.48,496.0,173.0,47.0,15.87,21.85,15.54,18.0,23.0,14.0,206.0,2.0,1.0
8478971,2022,Connor Ingram,ARI,G,5on5,16,44345.0,34.83,38.0,693.0,25.73,34.0,91.94,87.0,388.23,402.0,10.69,11.0,210.54,161.0,156.65,196.0,33.35,382.0,120.0,30.0,12.01,14.9,7.93,15.0,16.0,7.0,161.0,2.0,1.0
8478971,2022,Connor Ingram,ARI,G,4on5,16,5159.0,11.53,13.0,157.0,8.04,7.0,18.11,11.0,87.17,89.0,0.34,0.0,53.61,53.0,27.79,34.0,10.89,83.0,30.0,9.0,2.44,4.06,5.03,3.0,4.0,6.0,35.0,0.0,0.0
8478971,2022,Connor Ingram,ARI,G,5on4,16,4412.0,1.49,0.0,22.0,0.75,0.0,2.11,2.0,13.41,15.0,1.88,2.0,4.29,2.0,8.92,14.0,1.48,10.0,7.0,1.0,0.52,0.76,0.21,0.0,0.0,0.0,4.0,0.0,0.0
8480947,2022,Kevin Lankinen,NSH,G,other,11,1049.0,1.45,1.0,26.0,1.02,0.0,2.34,3.0,12.27,12.0,0.34,0.0,8.35,8.0,3.41,5.0,1.39,12.0,3.0,2.0,0.57,0.31,0.56,0.0,1.0,0.0,9.0,0.0,0.0
8480947,2022,Kevin Lankinen,NSH,G,all,11,38139.0,34.28,28.0,683.0,25.76,36.0,84.59,80.0,363.5,369.0,10.27,7.0,202.5,164.0,141.84,181.0,32.76,364.0,103.0,34.0,11.39,12.61,10.27,10.0,11.0,7.0,182.0,0.0,0.0
8480947,2022,Kevin Lankinen,NSH,G,5on5,11,31135.0,23.47,20.0,525.0,18.59,22.0,66.17,68.0,276.02,282.0,8.4,7.0,153.45,120.0,112.2,144.0,22.86,288.0,76.0,19.0,8.49,9.67,5.31,8.0,8.0,4.0,142.0,0.0,0.0
8480947,2022,Kevin Lankinen,NSH,G,4on5,11,2832.0,8.07,7.0,112.0,5.55,14.0,14.39,6.0,63.06,62.0,0.08,0.0,37.04,32.0,17.83,23.0,7.22,54.0,19.0,12.0,1.96,2.12,3.98,2.0,2.0,3.0,27.0,0.0,0.0
8480947,2022,Kevin Lankinen,NSH,G,5on4,11,3123.0,1.29,0.0,20.0,0.61,0.0,1.69,3.0,12.15,13.0,1.45,0.0,3.66,4.0,8.41,9.0,1.29,10.0,5.0,1.0,0.37,0.5,0.42,0.0,0.0,0.0,4.0,0.0,0.0
8475660,2022,Cam Talbot,OTT,G,other,28,1497.0,3.05,4.0,46.0,2.03,2.0,6.01,5.0,30.01,28.0,0.59,0.0,15.65,10.0,12.3,18.0,2.48,28.0,10.0,2.0,1.07,1.0,0.97,2.0,2.0,0.0,6.0,0.0,0.0
8475660,2022,Cam Talbot,OTT,G,all,28,90678.0,73.79,73.0,1400.0,54.01,83.0,174.84,173.0,762.18,768.0,29.3,25.0,406.61,309.0,303.96,376.0,70.36,745.0,216.0,77.0,22.2,25.97,25.61,27.0,25.0,21.0,362.0,0.0,0.0
8475660,2022,Cam Talbot,OTT,G,5on5,28,72180.0,49.93,56.0,1063.0,37.2,51.0,135.47,136.0,564.22,569.0,22.19,21.0,300.54,230.0,227.57,277.0,48.4,562.0,160.0,47.0,17.07,19.47,13.39,23.0,21.0,12.0,294.0,0.0,0.0
8475660,2022,Cam Talbot,OTT,G,4on5,28,7816.0,16.69,12.0,239.0,12.87,25.0,28.5,28.0,133.65,133.0,0.94,0.0,79.05,62.0,41.46,52.0,15.51,127.0,35.0,21.0,3.34,4.0,9.35,2.0,2.0,8.0,56.0,0.0,0.0
8475660,2022,Cam Talbot,OTT,G,5on4,28,9185.0,3.83,1.0,47.0,1.8,5.0,4.4,4.0,31.92,36.0,5.51,4.0,10.47,6.0,21.44,27.0,3.68,26.0,11.0,6.0,0.64,1.5,1.69,0.0,0.0,1.0,4.0,0.0,0.0
8475311,2022,Darcy Kuemper,WSH,G,other,34,2831.0,5.73,4.0,97.0,3.46,5.0,9.47,8.0,44.5,48.0,0.96,2.0,26.38,30.0,14.33,13.0,5.34,42.0,11.0,9.0,1.52,1.33,2.88,0.0,0.0,4.0,35.0,0.0,0.0
8475311,2022,Darcy Kuemper,WSH,G,all,34,115320.0,88.06,84.0,1875.0,67.69,79.0,232.75,204.0,986.47,983.0,32.67,33.0,552.86,467.0,401.68,518.0,84.95,1025.0,276.0,76.0,30.59,34.14,23.34,25.0,31.0,28.0,498.0,4.0,2.0
8475311,2022,Darcy Kuemper,WSH,G,5on5,34,94729.0,65.17,61.0,1490.0,50.81,59.0,192.35,169.0,785.43,775.0,25.77,30.0,436.2,353.0,325.22,433.0,63.26,829.0,217.0,50.0,24.52,26.77,13.87,23.0,24.0,14.0,394.0,4.0,2.0
8475311,2022,Darcy Kuemper,WSH,G,4on5,34,8583.0,14.95,15.0,247.0,11.96,15.0,27.26,24.0,128.09,125.0,0.87,0.0,80.46,74.0,42.09,51.0,14.14,126.0,39.0,16.0,3.74,4.84,6.36,2.0,3.0,10.0,66.0,0.0,0.0
8475311,2022,Darcy Kuemper,WSH,G,5on4,34,9177.0,1.83,3.0,36.0,1.2,0.0,2.99,3.0,24.77,30.0,4.96,1.0,8.14,8.0,18.15,19.0,1.82,25.0,7.0,1.0,0.62,0.98,0.22,0.0,3.0,0.0,3.0,0.0,0.0
8478492,2022,Ilya Samsonov,TOR,G,other,25,2203.0,3.8,4.0,53.0,2.2,3.0,5.68,3.0,27.07,23.0,0.5,0.0,14.77,13.0,8.63,12.0,3.63,22.0,9.0,5.0,0.87,1.04,1.89,3.0,0.0,1.0,17.0,0.0,0.0
8478492,2022,Ilya Samsonov,TOR,G,all,25,87834.0,68.49,59.0,1302.0,50.65,66.0,165.76,138.0,711.03,682.0,26.91,26.0,382.08,345.0,281.38,333.0,65.26,701.0,192.0,79.0,19.45,23.09,25.94,26.0,14.0,19.0,330.0,0.0,0.0
8478492,2022,Ilya Samsonov,TOR,G,5on5,25,71074.0,49.92,39.0,1014.0,37.35,50.0,132.11,114.0,547.72,521.0,21.13,21.0,292.71,263.0,220.51,261.0,47.59,539.0,157.0,55.0,15.84,18.93,15.15,20.0,10.0,9.0,263.0,0.0,0.0
8478492,2022,Ilya Samsonov,TOR,G,4on5,25,7538.0,12.51,14.0,188.0,9.68,13.0,23.99,19.0,108.8,106.0,0.93,1.0,65.66,59.0,33.58,38.0,11.85,115.0,17.0,17.0,2.08,2.1,8.33,3.0,2.0,9.0,39.0,0.0,0.0
8478492,2022,Ilya Samsonov,TOR,G,5on4,25,7019.0,1.7,2.0,34.0,1.04,0.0,2.93,2.0,21.37,25.0,4.14,4.0,6.22,7.0,15.54,17.0,1.65,21.0,5.0,2.0,0.56,0.56,0.58,0.0,2.0,0.0,6.0,0.0,0.0
